id,created_at,created_at_tz,geo,place,coordinates,text,text_en,truncated,name,screen_name,sentiment,confidence,sentiment_digit,keyword,confidence_digit,confidence_digit_zero_neutral
1460458947740057600,2021-11-16 04:05:21,2021-11-16 05:05:21+01:00,,,,ESWEEBusFlotte Auf √ºber 1 Mio Fahrtkilometern √ºber 1 Mio kg CO2 eingespart ,"ESWEEBusFleet Over 1 million kilometres travelled, over 1 million kg of CO2 saved",False,busplaner,omnibusmagazin,Negative,0.07764668450844059,-1,ESWEEBusFleet,-0.07764668450844059,-0.07764668450844059
1460470129050124288,2021-11-16 04:49:47,2021-11-16 05:49:47+01:00,,,, Lasst die Leute doch in Ruhe und selbst entscheiden wie wir das bei jeder anderen Impfung auch tun un , Let the people alone and decide for themselves like we do with every other vaccination.,True,Deutschland im liberalen Chaos,BRDimChaos,Neutral,0.42495014681344667,0,vaccination.,0.42495014681344667,0.0
1460481161637949440,2021-11-16 05:33:38,2021-11-16 06:33:38+01:00,,,," Woher kommen pl√∂tzlich all diese Hallo ich bin und hatte Corona Propaganda Postings

Lasst die Leu "," Where are all these hello I am and had Corona propaganda postings suddenly coming from

Let the leu",True,Deutschland im liberalen Chaos,BRDimChaos,Neutral,0.4241543599889751,0,propaganda,0.4241543599889751,0.0
1460481230361665536,2021-11-16 05:33:54,2021-11-16 06:33:54+01:00,,,," Woher kommen pl√∂tzlich all diese Hallo ich bin und hatte Corona Propaganda Postings

Lasst die Leute "," Where are all these hello I am and had Corona propaganda postings suddenly coming from

Let the people",True,Deutschland im liberalen Chaos,BRDimChaos,Neutral,0.918766828010634,0,propaganda,0.918766828010634,0.0
1460481386469486336,2021-11-16 05:34:31,2021-11-16 06:34:31+01:00,,,," Woher kommen pl√∂tzlich all diese Hallo ich bin und hatte Corona Propaganda Postings

Lasst die Leu "," Where are all these hello I am and had Corona propaganda postings suddenly coming from

Let the leu",True,Deutschland im liberalen Chaos,BRDimChaos,Neutral,0.1052357738823887,0,propaganda,0.1052357738823887,0.0
1460485553762311936,2021-11-16 05:51:05,2021-11-16 06:51:05+01:00,,,,Kelly Family geht mit legend√§rem Bus auf Tour  und hat eine √úberraschung parat ,Kelly Family goes on tour with legendary bus and has a surprise up its sleeve,False,WEB.DE News,WEBDENews,Positive,0.48274090129107916,1,legendary,0.48274090129107916,0.48274090129107916
1460485554601082880,2021-11-16 05:51:05,2021-11-16 06:51:05+01:00,,,,Kelly Family geht mit legend√§rem Bus auf Tour  und hat eine √úberraschung parat ,Kelly Family goes on tour with legendary bus and has a surprise up its sleeve,False,WEB.DE News - Stars,WEBDENews_Stars,Negative,0.7479768257116157,-1,legendary,-0.7479768257116157,-0.7479768257116157
1460508866848907264,2021-11-16 07:23:43,2021-11-16 08:23:43+01:00,,,,2nd_Bass    Da√ü hier in amp um M√ºnchen die Bus  TrambahnfahrerInn ,2nd_Bass That here in amp around Munich the bus tram driversInn,True,Regina Koller,KollerRegina,Positive,0.18475133942464206,1,driversInn,0.18475133942464206,0.18475133942464206
1460511244788588288,2021-11-16 07:33:10,2021-11-16 08:33:10+01:00,,,,"Probleme mit Alkohol Im Meeting Arcis Anonyme Alkoholiker sprechen wir dar√ºber jeden Samstag um 1900 Uhr 

M√ºn ","Problems with alcohol At the Arcis Alcoholics Anonymous meeting we talk about this every Saturday at 1900 hrs.

M√ºn",True,@bill&bob,arcismeeting,Neutral,0.8466587047435578,0,Alcoholics,0.8466587047435578,0.0
1460513105780355072,2021-11-16 07:40:34,2021-11-16 08:40:34+01:00,,,,S√∂der um 9 Uhr bei BILD Live  Lockdown f√ºr Ungeimpfte  Muenchen Nachrichten,S√∂der at 9 o'clock at BILD Live Lockdown for unvaccinated Muenchen News,False,BILD M√ºnchen,BILD_Muenchen,Positive,0.9707643190461281,1,unvaccinated,0.9707643190461281,0.9707643190461281
1460525712608223232,2021-11-16 08:30:39,2021-11-16 09:30:39+01:00,,,," Hier kommt das Neueste aus unserer Redaktion 
The Kelly Family geht mit ber√ºhmtem Bus wieder auf Tour
"," Here comes the latest from our editorial office
The Kelly Family goes on tour again with famous bus
",False,spot on news,spotonnews,Neutral,0.6746992249567809,0,editorial,0.6746992249567809,0.0
1460526265757229056,2021-11-16 08:32:51,2021-11-16 09:32:51+01:00,,,,3G im Zug Wer soll das kontrollieren  Scheuer f√§hrt S√∂der in die Parade ,3G in the train Who should control it Scheuer drives S√∂der into the parade,False,Merkur.de,merkur_de,Negative,0.35644941112396145,-1,control,-0.35644941112396145,-0.35644941112396145
1460527751836884736,2021-11-16 08:38:45,2021-11-16 09:38:45+01:00,,,,3G im Zug Wer soll das kontrollieren  Scheuer f√§hrt S√∂der in die Parade ,3G in the train Who should control it Scheuer drives S√∂der into the parade,False,Rolf Ullrich,rolfullrich45,Negative,0.9087139282245695,-1,control,-0.9087139282245695,-0.9087139282245695
1460530267223899904,2021-11-16 08:48:45,2021-11-16 09:48:45+01:00,,,,Einmal unabh√§ngig von 3GRegel in Bus u Bahn Wichtig w√§re dass das Vertrauen der Menschen in den √ñffentlichen Ve ,Once independent of 3G rule in bus and train Important would be that the confidence of the people in the public Ve,True,ADAC,ADAC,Negative,0.07750019676697772,-1,independent,-0.07750019676697772,-0.07750019676697772
1460543162686992384,2021-11-16 09:40:00,2021-11-16 10:40:00+01:00,,,, AGK ServiceMobile im Einsatz  ServiceAufenthalte in der Werkstatt kosten viel Zeit Um unseren Kunden lange A ," AGK ServiceMobiles in use Service stops in the workshop cost a lot of time In order to provide our customers with long service times, AGK ServiceMobiles are used.",True,AGK Truck & Bus GmbH,AGK_Bayern,Positive,0.10718311152852567,1,ServiceMobiles,0.10718311152852567,0.10718311152852567
1460558262135181312,2021-11-16 10:40:00,2021-11-16 11:40:00+01:00,,,," Ihre Buswerkstatt in Feldkirchen bei M√ºnchen und F√ºrth
 Wartung 
 Reparatur 
 VorOrtService  Ku "," Your bus workshop in Feldkirchen near Munich and F√ºrth
 Maintenance
 Repair
 On-site service Ku",True,AGK Truck & Bus GmbH,AGK_Bayern,Neutral,0.17345816191583796,0,Feldkirchen,0.17345816191583796,0.0
1460565937887793152,2021-11-16 11:10:30,2021-11-16 12:10:30+01:00,,,,RenaultHyvia Auch Master CityBus und Fahrgestell mit Fuel Cell ,RenaultHyvia Also Master CityBus and chassis with Fuel Cell,False,VISION mobility,VISIONmobility1,Positive,0.1876221743288381,1,RenaultHyvia,0.1876221743288381,0.1876221743288381
1460588288843124736,2021-11-16 12:39:19,2021-11-16 13:39:19+01:00,,,,So 15 min auf den Bus warten ,So 15 min wait for the bus,False,Mammut69üíâüíâ,Mammut691,Negative,0.11432244019931959,-1,wait,-0.11432244019931959,-0.11432244019931959
1460610984561811712,2021-11-16 14:09:30,2021-11-16 15:09:30+01:00,,,,Menschen die beim Bus vorne beim Fahrer einsteigen und ihre Fahrkarte vorzeigen Wei√ü man da schon genaueres m√ºnchen,People who get on the bus in front of the driver and show their ticket Do you know more about it munich,False,"mal faul, mal Tier. Immer üåàüè≥Ô∏è‚Äçüåàüíâüíâ",malfaulmaltier,Neutral,0.8529486089705174,0,People,0.8529486089705174,0.0
1460700147055316736,2021-11-16 20:03:48,2021-11-16 21:03:48+01:00,,,,  Ui ich war bisher auf Bus aber Hurtigruten ist nat√ºrlich eine ganz tolle Idee,  Ui I was so far on bus but Hurtigruten is of course a great idea,False,berghungrig üá™üá∫,berghungrig,Neutral,0.6088162632863656,0,Hurtigruten,0.6088162632863656,0.0
1460701429979566080,2021-11-16 20:08:54,2021-11-16 21:08:54+01:00,,,,Verkehrsministerin KerstinSchreyer in der 24 Rundschau zu 3G in Bus und Bahn Der Schutz der Fahrg√§ste im ,Transport Minister KerstinSchreyer in the 24 Rundschau on 3G in buses and trains The protection of passengers in the,True,"Staatsministerium f√ºr Wohnen, Bau und Verkehr",BauenBewegen,Negative,0.3535987927776396,-1,KerstinSchreyer,-0.3535987927776396,-0.3535987927776396
1460702751046917888,2021-11-16 20:14:09,2021-11-16 21:14:09+01:00,,,, Ist immer noch so Ab Bod√∏ dann Bus , Is still so From Bod√∏ then bus,False,berghungrig üá™üá∫,berghungrig,Negative,0.006751528648464955,-1,still,-0.006751528648464955,-0.006751528648464955
1460703714616950784,2021-11-16 20:17:58,2021-11-16 21:17:58+01:00,,,,   Tja Ich w√ºrde mal sagen Bus verpasst,"   Well, I'd say we missed the bus.",False,Thomas B√∂ttiger üè≥Ô∏è‚Äçüåà,macinthemiddle,Negative,0.8792316555815262,-1,missed,-0.8792316555815262,-0.8792316555815262
1460718090036129536,2021-11-16 21:15:06,2021-11-16 22:15:06+01:00,,"{'id': '37439688c6302728', 'url': 'https://api.twitter.com/1.1/geo/id/37439688c6302728.json', 'place_type': 'city', 'name': 'Munich', 'full_name': 'Munich, Germany', 'country_code': 'DE', 'country': 'Germany', 'contained_within': [], 'bounding_box': {'type': 'Polygon', 'coordinates': [[[11.360589, 48.061634], [11.722918, 48.061634], [11.722918, 48.248124], [11.360589, 48.248124]]]}, 'attributes': {}}",,  Ausw√§rts in Dortmund wenn dort auch 2G kommt wird es dann schon schwieriger Oder sie sch ,  Away in Dortmund if there also 2G comes it will then already more difficult Or they sch,True,Quintuple-Sandy,Robben25052013,Negative,0.02784636667008522,-1,difficult,-0.02784636667008522,-0.02784636667008522
1460720254015921920,2021-11-16 21:23:42,2021-11-16 22:23:42+01:00,,,,Verkehrsexperte zu CoronaRegeln Bus und Bahn sind ohne 3G nicht mehr nutzbar  ,Transport expert on CoronaRules Bus and train are no longer usable without 3G,False,Marko Schlichting,schlichtmedien,Negative,0.04743474469630693,-1,CoronaRules,-0.04743474469630693,-0.04743474469630693
1460849370950156288,2021-11-17 05:56:45,2021-11-17 06:56:45+01:00,,,,Youtube warum diese Porsche356Konversion auf Elektro anders ist Warum Motortrend den LucidAir zum Auto des ,Youtube Why this Porsche356conversion to electric is different Why Motortrend named the LucidAir Car of the,True,e-engine magazin,eenginemagazin,Negative,0.874328093096396,-1,Porsche356conversion,-0.874328093096396,-0.874328093096396
1460890620512411648,2021-11-17 08:40:40,2021-11-17 09:40:40+01:00,,,,"3G in Bus und Bahn Ampel plant weitere Versch√§rfungen f√ºr Ungeimpfte

Die B√ºrgerrechte werden dadurch weiterhin ","3G on bus and train traffic lights plan further tightening for the unvaccinated

Civil liberties will continue to be",True,AfD Bayern im Landtag,AfD_Bayern_LT,Positive,0.7972143789573083,1,unvaccinated,0.7972143789573083,0.7972143789573083
1460896776387452928,2021-11-17 09:05:08,2021-11-17 10:05:08+01:00,,,,RenaultHyvia Auch Master CityBus und Fahrgestell mit Fuel Cell ,RenaultHyvia Also Master CityBus and chassis with Fuel Cell,False,busplaner,omnibusmagazin,Negative,0.6826725859801586,-1,RenaultHyvia,-0.6826725859801586,-0.6826725859801586
1460919195462422528,2021-11-17 10:34:13,2021-11-17 11:34:13+01:00,,,,  Und Logik sagt im Auto sitze ich allein od mit 14 Personen aus gleichem Haushalt od befre ,  And logic says in the car I sit alone or with 14 people from the same household or friends.,True,Johannes Reichart,JuanReichart,Neutral,0.4064123862883825,0,household,0.4064123862883825,0.0
1460920650218967040,2021-11-17 10:40:00,2021-11-17 11:40:00+01:00,,,,Als autorisierte Solaris Bus Werkstatt f√ºhren wir alle Wartungsarbeiten und Kundendienste f√ºr Deine Solaris Busse d ,"As an authorised Solaris bus workshop, we carry out all maintenance work and customer services for your Solaris buses d",True,AGK Truck & Bus GmbH,AGK_Bayern,Neutral,0.4264026317369125,0,maintenance,0.4264026317369125,0.0
1460921435552198912,2021-11-17 10:43:07,2021-11-17 11:43:07+01:00,,,, 2000     Doch klar EBusse schon Ab , 2000 But of course EBusse already Ab,True,RGB Pixl,RGBPixl,Negative,0.48004186342824906,-1,already,-0.48004186342824906,-0.48004186342824906
1460950806203613184,2021-11-17 12:39:50,2021-11-17 13:39:50+01:00,,,,im bus redet hier jemand so laut t√ºrkisch bro erz√§hl gleich dein lebenslauf,on the bus someone is talking so loud in turkish bro tell your resume right now,False,dilan,lmaodilann,Negative,0.8561870194292532,-1,someone,-0.8561870194292532,-0.8561870194292532
1460960964610772736,2021-11-17 13:20:11,2021-11-17 14:20:11+01:00,,,, 13   W√§r f√ºr irgendwann anstehenden Neubau sicherlich trotzdem sinnvol , 13 Would certainly still make sense for a new building at some point in the future.,True,Andi Barth @dahoam,Andi_Barth,Positive,0.6115657373280321,1,certainly,0.6115657373280321,0.6115657373280321
1460971366937772032,2021-11-17 14:01:32,2021-11-17 15:01:32+01:00,,,,Bewerbungsgespr√§ch Bewerberin gibt an nicht geimpft und nicht getestet zu sein braucht sie nicht weil sie ja mi ,job interview applicant states not to be vaccinated and not tested she does not need to be because she is with,True,Klaus,FKAMUC,Negative,0.7193089297332513,-1,vaccinated,-0.7193089297332513,-0.7193089297332513
1460990484135006208,2021-11-17 15:17:29,2021-11-17 16:17:29+01:00,,,,Ist euch das auch schon passiert ihr steigt irgendwo aus ZugSBahn aus wo ihr euch nicht auskennt und verpasst ,Has this ever happened to you? You get off the train somewhere where you don't know your way around and miss it?,True,Edmund Lauterbach,elba013,Positive,0.7157215650531764,1,somewhere,0.7157215650531764,0.7157215650531764
1460995609394089984,2021-11-17 15:37:51,2021-11-17 16:37:51+01:00,,,, 13 Und zwischen 2 Haltestellen muss man 4 Ampelfurten √ºberqueren die in der f√ºr Fu√üg√§nger un , 13 And between 2 stops you have to cross 4 traffic light lanes which are in the pedestrians un,True,Velo-Ciraptor,VeloCiraptorMuc,Negative,0.6128754158763428,-1,pedestrians,-0.6128754158763428,-0.6128754158763428
1461042346775269120,2021-11-17 18:43:34,2021-11-17 19:43:34+01:00,,,,Wir werden weiter im Bus vom Helge bedroht,We are further threatened in the bus by the Helge,False,Jenny,jennyAntifa,Negative,0.3503175884921155,-1,threatened,-0.3503175884921155,-0.3503175884921155
1461081762810023936,2021-11-17 21:20:12,2021-11-17 22:20:12+01:00,,,, 23 Oh je du Arme Da kam gestern was bzgl der Virenlast und wo die Ansteckungsgefahr am g , 23 Oh dear you poor There was something yesterday regarding the viral load and where the risk of infection at the g,True,·ó©·ëéGI·ïÆ ¬Æ,sweettweetangie,Negative,0.8284661895113468,-1,something,-0.8284661895113468,-0.8284661895113468
1461129386267185152,2021-11-18 00:29:26,2021-11-18 01:29:26+01:00,,,,Eingeschr√§nkte Fahrzeugverf√ºgbarkeit Dieser Zug f√§llt leider aus Ersatzverkehr mit Bus eingerichtet bahn ,Limited vehicle availability This train is unfortunately cancelled Substitute transport with bus set up bahn,False,DB Regio Bayern,streckenagentOB,Neutral,0.824594506046012,0,unfortunately,0.824594506046012,0.0
1461220908396392448,2021-11-18 06:33:07,2021-11-18 07:33:07+01:00,,,,"Probleme mit Alkohol Im Meeting Arcis Anonyme Alkoholiker sprechen wir dar√ºber jeden Samstag um 1900 Uhr 

M√ºn ","Problems with alcohol At the Arcis Alcoholics Anonymous meeting we talk about this every Saturday at 1900 hrs.

M√ºn",True,@bill&bob,arcismeeting,Positive,0.7450781187751174,1,Alcoholics,0.7450781187751174,0.7450781187751174
1461240791683194880,2021-11-18 07:52:07,2021-11-18 08:52:07+01:00,,"{'id': 'ba3fdf239c314d26', 'url': 'https://api.twitter.com/1.1/geo/id/ba3fdf239c314d26.json', 'place_type': 'city', 'name': 'Planegg', 'full_name': 'Planegg, Deutschland', 'country_code': 'DE', 'country': 'Germany', 'contained_within': [], 'bounding_box': {'type': 'Polygon', 'coordinates': [[[11.385065, 48.089355], [11.463634, 48.089355], [11.463634, 48.118412], [11.385065, 48.118412]]]}, 'attributes': {}}",,   QR Code am Bus und zum Event machen mit denn Corona App Wer das nutzt fahrt kostenlos mit,   QR Code on the bus and make the event with the Corona App Who uses this ride for free with,False,üåà Happy Horror Sinclair.,PirateSoul4,Positive,0.7967755509934452,1,Corona,0.7967755509934452,0.7967755509934452
1461267938346950912,2021-11-18 09:40:00,2021-11-18 10:40:00+01:00,,,,Ihr Spezialist f√ºr Busreparaturen in Bayern Mit Standorten in Feldkirchen bei M√ºnchen und F√ºrth ,Your specialist for bus repairs in Bavaria With locations in Feldkirchen near Munich and F√ºrth,True,AGK Truck & Bus GmbH,AGK_Bayern,Neutral,0.33865187484786496,0,Feldkirchen,0.33865187484786496,0.0
1461281806712553472,2021-11-18 10:35:06,2021-11-18 11:35:06+01:00,,,,"Probleme mit Alkohol Im Meeting Arcis Anonyme Alkoholiker sprechen wir dar√ºber jeden Samstag um 1900 Uhr 

M√ºn ","Problems with alcohol At the Arcis Alcoholics Anonymous meeting we talk about this every Saturday at 1900 hrs.

M√ºn",True,@bill&bob,arcismeeting,Positive,0.24904234451003815,1,Alcoholics,0.24904234451003815,0.24904234451003815
1461285718366511104,2021-11-18 10:50:39,2021-11-18 11:50:39+01:00,,"{'id': 'ba3fdf239c314d26', 'url': 'https://api.twitter.com/1.1/geo/id/ba3fdf239c314d26.json', 'place_type': 'city', 'name': 'Planegg', 'full_name': 'Planegg, Deutschland', 'country_code': 'DE', 'country': 'Germany', 'contained_within': [], 'bounding_box': {'type': 'Polygon', 'coordinates': [[[11.385065, 48.089355], [11.463634, 48.089355], [11.463634, 48.118412], [11.385065, 48.118412]]]}, 'attributes': {}}",,7  Ich warte nur auf den Bus,7 I'm just waiting for the bus,False,üåà Happy Horror Sinclair.,PirateSoul4,Negative,0.9731576969453217,-1,waiting,-0.9731576969453217,-0.9731576969453217
1461347055750696704,2021-11-18 14:54:23,2021-11-18 15:54:23+01:00,,,, K1 hat im Bus nen Nazi getroffen ihn freundlich aber bestimmt des Platzes verwiesen und daf√ºr von K2 Applaus erhalten, K1 has met a Nazi in the bus and has sent him away in a friendly but determined way and has received applause from K2 for it,False,Anton Steindl,Anton_1860,Positive,0.7281905541241855,1,determined,0.7281905541241855,0.7281905541241855
1461348384569102336,2021-11-18 14:59:40,2021-11-18 15:59:40+01:00,,,,"  Erst waren es Chips jetzt ne Bombe
Als n√§chstes ein Jetpack und n Bus","  First it was chips now it's a bomb
Next a jetpack and a bus",False,M≈±√±√ßh≈Ñ√™≈ôB≈Ø√°,Fm_Maxi_92,Neutral,0.6593747686737667,0,jetpack,0.6593747686737667,0.0
1461364625820160000,2021-11-18 16:04:12,2021-11-18 17:04:12+01:00,,,,AmpelKoalition versch√§rft CoronaMa√ünahmen SPD Gr√ºne und FDP beschlie√üen 3 G am Arbeitsplatz sowie in Bus und ,Ampel coalition tightens Corona measures SPD Greens and FDP decide 3 G at the workplace as well as in bus and,True,SZ Politik,SZ_Politik,Negative,0.9855837719484675,-1,coalition,-0.9855837719484675,-0.9855837719484675
1461395134604619520,2021-11-18 18:05:26,2021-11-18 19:05:26+01:00,,,,Der Bundestag hat es beschlossen die unionsgef√ºhrten L√§nder im Bundesrat str√§uben sich K√§me das neue Infektions ,"The Bundestag has passed the bill, but the CDU/CSU-led states in the Bundesrat (upper house of parliament) are resisting it.",True,BR24,BR24,Positive,0.903052573463152,1,CDU/CSU-led,0.903052573463152,0.903052573463152
1461397019994459904,2021-11-18 18:12:55,2021-11-18 19:12:55+01:00,,,,Heute zu Gast beim HUSSVERLAG GmbH zur Verleihung des Europ√§ischen Transportpreis f√ºr nachhaltigkeit  in der M√ºnc ,Today we were guests at the HUSSVERLAG GmbH for the award ceremony of the European Transport Award for Sustainability in Munich.,True,Anita W√ºrmser,Logistik_Blog,Positive,0.24529946456342677,1,Sustainability,0.24529946456342677,0.24529946456342677
1461437258708443136,2021-11-18 20:52:49,2021-11-18 21:52:49+01:00,,,,Corona im √∂ffentlichen Verkehr Das √§ndert sich bei Bus und Bahn ,Corona in public transport What's changing on buses and trains?,False,Merkur.de,merkur_de,Positive,0.22065873196763497,1,transport,0.22065873196763497,0.22065873196763497
1461469826078154752,2021-11-18 23:02:13,2021-11-19 00:02:13+01:00,,,,17  Ich bef√ºrchte eher dass mit den jetzigen Coronazahlen der Zusatzbelastung durch 3G in BusampBahn ,17 I rather fear that with the current corona figures of the additional load of 3G in BusampBahn,True,Edmund Lauterbach,elba013,Neutral,0.6593122737473169,0,additional,0.6593122737473169,0.0
1461487052869050368,2021-11-19 00:10:41,2021-11-19 01:10:41+01:00,,,, 2G und 3G gibts in Bayern schon und hat bisher nichts gebracht 3G am Arbeitsplatz wie und wer kontr , 2G and 3G already exist in Bavaria and have so far brought nothing 3G at the workplace how and who kontr,True,nonpreoccuparti,Laf3001,Negative,0.10900448909636185,-1,workplace,-0.10900448909636185,-0.10900448909636185
1461581087612846080,2021-11-19 06:24:20,2021-11-19 07:24:20+01:00,,,,"Probleme mit Alkohol Im Meeting Arcis Anonyme Alkoholiker sprechen wir dar√ºber jeden Samstag um 1900 Uhr 

M√ºn ","Problems with alcohol At the Arcis Alcoholics Anonymous meeting we talk about this every Saturday at 1900 hrs.

M√ºn",True,@bill&bob,arcismeeting,Positive,0.31722676731121846,1,Alcoholics,0.31722676731121846,0.31722676731121846
1461589506096779264,2021-11-19 06:57:47,2021-11-19 07:57:47+01:00,,,,"Da ist es wieder Das HenneEiPrinzip
WIE KOMME ICH IN DEN BUS ","There it is again The HenEgg Principle
HOW DO I GET ON THE BUS",False,Oliverüü¢,OWitzig,Neutral,0.29688446924964407,0,Principle,0.29688446924964407,0.0
1461590324791451648,2021-11-19 07:01:03,2021-11-19 08:01:03+01:00,,,, Olaf Scholz  der Mann f√ºr 3G im Bus und Bahn , Olaf Scholz the man for 3G on buses and trains,False,Kai ThrunüïµÔ∏è‚Äç‚ôÄÔ∏è,KaiThrun,Neutral,0.37548378133191995,0,Scholz,0.37548378133191995,0.0
1461630326287990784,2021-11-19 09:40:00,2021-11-19 10:40:00+01:00,,,,Wir sind Ihr Kompetenzpartner in allen Fragen zu BusReparatur Lackierung und Umbau Werkstattservice und Kleinb ,"We are your competent partner for all questions regarding bus repairs, paintwork and conversions, workshop service and small buses.",True,AGK Truck & Bus GmbH,AGK_Bayern,Positive,0.43256541584614927,1,"conversions,",0.43256541584614927,0.43256541584614927
1461645425870573568,2021-11-19 10:40:00,2021-11-19 11:40:00+01:00,,,,Zu unseren gr√∂√üten Kunden z√§hlen die Stadtwerke M√ºnchen sowie gro√üe namenhafte M√ºnchener Busunternehmen wie Watzin ,"Among our biggest customers are the Munich public utility company as well as large, well-known Munich bus companies such as Watzin",True,AGK Truck & Bus GmbH,AGK_Bayern,Negative,0.5062364539523525,-1,well-known,-0.5062364539523525,-0.5062364539523525
1461657204399001600,2021-11-19 11:26:48,2021-11-19 12:26:48+01:00,,,,Mit dem Bus nach Bordeaux Klassenfahrten zu CoronaZeiten ,By bus to Bordeaux Class trips to CoronaTimes,False,Merkur.de,merkur_de,Positive,0.9228841744676586,1,CoronaTimes,0.9228841744676586,0.9228841744676586
1461661940862889984,2021-11-19 11:45:37,2021-11-19 12:45:37+01:00,,,, Ne aber meine AK 47 Lass ich manchmal im Bus liegen, Ne but my AK 47 I sometimes leave on the bus,False,Timo J√ºrgens üè≥Ô∏è‚Äçüåàüåà,Timo_Juergens,Positive,0.09219431026719782,1,sometimes,0.09219431026719782,0.09219431026719782
1461675504902287104,2021-11-19 12:39:31,2021-11-19 13:39:31+01:00,,,," Nicht nur du 
Au√üer im Zug Da ist ja klar dass die kommt

Aber in Bus Tram SBahn"," Not just you
Except on the train, of course she's coming.

But on bus, tram, subway",False,Systemfehler,Systemfehler20,Neutral,0.8067888043381826,0,coming.,0.8067888043381826,0.0
1461704316318851072,2021-11-19 14:34:00,2021-11-19 15:34:00+01:00,,,,FC Bayern mit dem Bus nach Augsburg aufgebrochen  ,FC Bayern set off by bus for Augsburg,False,FC Bayern News,fcbayern_news,Negative,0.18886925389126108,-1,Augsburg,-0.18886925389126108,-0.18886925389126108
1461718327999574016,2021-11-19 15:29:41,2021-11-19 16:29:41+01:00,,,,Corona macht UBahn Bus und Tram p√ºnktlicher  das sind die Gr√ºnde ,Corona makes UBahn bus and tram more punctual these are the reasons,False,Merkur.de,merkur_de,Positive,0.10899169522880758,1,punctual,0.10899169522880758,0.10899169522880758
1461738760899604480,2021-11-19 16:50:53,2021-11-19 17:50:53+01:00,,,,SWB Bus und Bahn   sucht eineneine Bau√ºberwacher Bahnbau mwd  in Bonn Bonn jobs ,SWB Bus und Bahn is looking for a construction supervisor railway construction mwd in Bonn Bonn jobs,True,JobNinja,JobNinjaEU,Neutral,0.53454746670244,0,construction,0.53454746670244,0.0
1461779962323685120,2021-11-19 19:34:36,2021-11-19 20:34:36+01:00,,,," Das hast du v√∂llig richtig gemacht
Eigentlich h√§ttest sie noch drauf hinweisen m√ºssen dass sie an "," You did the right thing.
Actually, you should have pointed out that she was working on",True,Franz üéæ,fms_munich,Positive,0.8796773497906064,1,"Actually,",0.8796773497906064,0.8796773497906064
1461807763617689600,2021-11-19 21:25:04,2021-11-19 22:25:04+01:00,,,,"AudiFahrer ger√§t auf Gegenspur Mann 70 stirbt bei Unfall mit BusBootGespann 
Bayern  ","Audi driver gets into oncoming lane Man 70 dies in accident with bus-boat team
Bavaria",False,TAG24 NEWS M√ºnchen,TAG24M,Positive,0.1086584617247246,1,oncoming,0.1086584617247246,0.1086584617247246
1461923802246524928,2021-11-20 05:06:10,2021-11-20 06:06:10+01:00,,,,Probleme mit Alkohol Im Meeting Arcis Anonyme Alkoholiker M√ºnchen sprechen wir dar√ºber jeden Samstag um 1900 Uh ,Problems with alcohol In the meeting Arcis Alcoholics Anonymous Munich we talk about it every Saturday at 1900 Uh,True,@bill&bob,arcismeeting,Negative,0.32404578155018304,-1,Alcoholics,-0.32404578155018304,-0.32404578155018304
1461925698424250368,2021-11-20 05:13:42,2021-11-20 06:13:42+01:00,,,,"Heute Meeting Arcis Anonyme Alkoholiker M√ºnchen wie jeden Samstag um 1900 Uhr 

M√ºnchen Schwabing N√§he Nordbad ","Today meeting Arcis Alcoholics Anonymous Munich as every Saturday at 1900 clock

Munich Schwabing near Nordbad",True,@bill&bob,arcismeeting,Positive,0.08935735241838827,1,Alcoholics,0.08935735241838827,0.08935735241838827
1461958943215963904,2021-11-20 07:25:48,2021-11-20 08:25:48+01:00,,,,   Lasst die Gastst√§tten offen und nicht nur bus 22 Uhr,   Keep the pubs open and not only bus 22 clock,False,Vinzent Vegas,Vinzent_Vegas,Neutral,0.21234554959063423,0,clock,0.21234554959063423,0.0
1462002184032239616,2021-11-20 10:17:38,2021-11-20 11:17:38+01:00,,,,Weigl √ºber Anschlag Schatz ne Bombe ,Weigl about stop treasure ne bomb,False,SPORT1,SPORT1,Negative,0.2373299503672659,-1,treasure,-0.2373299503672659,-0.2373299503672659
1462054998490198016,2021-11-20 13:47:29,2021-11-20 14:47:29+01:00,,,,Nat√ºrlich so getaktet dass Anschlussbahn und Bus sich auf die Minute verpassen ,"Of course, timed so that the connecting train and bus miss each other to the minute.",False,Der eine da,Kevin_sdrn,Positive,0.015481663691368053,1,connecting,0.015481663691368053,0.015481663691368053
1462173896564743936,2021-11-20 21:39:57,2021-11-20 22:39:57+01:00,,,,"Jetzt auch auf Instagram Wo bitte gehts zum Bus
","Now also on Instagram Where please go to the bus
",False,Edmund Lauterbach,elba013,Positive,0.8599038873591992,1,Instagram,0.8599038873591992,0.8599038873591992
1462321121278271488,2021-11-21 07:24:58,2021-11-21 08:24:58+01:00,,,,Bitte Deswegen ist es doch rot angemalt Da muss man schon damit rechnen dass ein Bus auf dem Radstreifen f√§hrt ,Please That's why it's painted red You have to expect a bus to drive on the bike lane,False,Daniela Becker,dansiela_b,Positive,0.6878823102077979,1,painted,0.6878823102077979,0.6878823102077979
1462323562681933824,2021-11-21 07:34:40,2021-11-21 08:34:40+01:00,,,," Gute Idee auch Splittergruppen m√ºssen erfasst werden 
Ich denke hier in MUC w√§re ein Satz Busse top "," Good idea also splinter groups must be recorded
I think here in MUC would be a set of buses top",True,truegrueni üíâüíâ,truegrueni,Negative,0.2314442548505845,-1,splinter,-0.2314442548505845,-0.2314442548505845
1462324634880286720,2021-11-21 07:38:56,2021-11-21 08:38:56+01:00,,,, Deine Grundidee ist auf jeden Fall korrekt neulich im tv √ºber Bremen glaub ich die ham sich die Hots , Your basic idea is correct in any case the other day on tv about Bremen I think they got the hots,True,truegrueni üíâüíâ,truegrueni,Negative,0.4758673274803584,-1,correct,-0.4758673274803584,-0.4758673274803584
1462383260424716288,2021-11-21 11:31:53,2021-11-21 12:31:53+01:00,,,," Neu auf  

In Ghost Tropic schl√§ft eine Frau nach der Arbeit im Bus ein und muss nun von der Endhaltestell "," New on

In Ghost Tropic, a woman falls asleep on the bus after work, and now has to walk from the final stop",True,Film-Rezensionen.de,filmrezensionen,Positive,0.7785974146531466,1,"Tropic,",0.7785974146531466,0.7785974146531466
1462387817343029248,2021-11-21 11:50:00,2021-11-21 12:50:00+01:00,,,,Pandemie 3G in Bus und Bahn  Was Fahrg√§ste jetzt wissen m√ºssen Covid19   via ,Pandemic 3G on buses and trains What passengers need to know now Covid19 via,False,Egbert,forch20131,Negative,0.15390110744392882,-1,passengers,-0.15390110744392882,-0.15390110744392882
1462402699945775104,2021-11-21 12:49:08,2021-11-21 13:49:08+01:00,,,,  Noise Cancelling Kopfh√∂rer Meine besten Freunde,  Noise Cancelling Headphones My Best Friends,False,Ramona | Zockernautin,Eltragalibros,Positive,0.21297830152136488,1,Cancelling,0.21297830152136488,0.21297830152136488
1462419271494025216,2021-11-21 13:54:59,2021-11-21 14:54:59+01:00,,"{'id': '5867d1b3eeb9a4e8', 'url': 'https://api.twitter.com/1.1/geo/id/5867d1b3eeb9a4e8.json', 'place_type': 'neighborhood', 'name': 'Pasing-Obermenzing', 'full_name': 'Pasing-Obermenzing, M√ºnchen', 'country_code': 'DE', 'country': 'Germany', 'contained_within': [], 'bounding_box': {'type': 'Polygon', 'coordinates': [[[11.431733, 48.128517], [11.492077, 48.128517], [11.492077, 48.176466], [11.431733, 48.176466]]]}, 'attributes': {}}",,und wo Du schon dabei bist Sinnlos im M√ºnchner Westen rumzufahren  dann darfst Du auch noch vor K√§lte bibbernd ,and since you are already senselessly driving around in the west of Munich then you may also still be shivering from the cold.,True,Regina Koller,KollerRegina,Positive,0.10734412056673215,1,senselessly,0.10734412056673215,0.10734412056673215
1462436251945033728,2021-11-21 15:02:27,2021-11-21 16:02:27+01:00,,,, Dass die Verbindung Zwiesel  Spiegelau  Grafenau nicht aufgegeben wurde ist der Regentalbahn zu ver , The fact that the connection Zwiesel Spiegelau Grafenau was not abandoned is due to the Regentalbahn.,True,Nina Reitz,reitz_nina,Positive,0.7427846330265581,1,Regentalbahn.,0.7427846330265581,0.7427846330265581
1462456647708815104,2021-11-21 16:23:30,2021-11-21 17:23:30+01:00,,,, Was hast Du f√ºr nen Bus, What do you have for nen bus,False,Holger Wolff,HolgerWolff3,Positive,0.39635416610080765,1,What,0.39635416610080765,0.39635416610080765
1462478004974759936,2021-11-21 17:48:22,2021-11-21 18:48:22+01:00,,,,Strengere CoronaRegeln auch in Bus Bahn und Flugzeug ,"Stricter Corona rules also on buses, trains and planes",False,Merkur.de,merkur_de,Positive,0.8564769867732677,1,Stricter,0.8564769867732677,0.8564769867732677
1462497075589959680,2021-11-21 19:04:09,2021-11-21 20:04:09+01:00,,,,65400282 71  Oder der Schl√§ger war schlecht bespannt Oder der Bus hatte Versp√§tung Oder ,65400282 71 Or the racket was badly strung Or the bus was late Or,True,"Me, I‚Äòm Counting",loumeimcounting,Positive,0.3786644074572362,1,65400282,0.3786644074572362,0.3786644074572362
1462502070301466624,2021-11-21 19:24:00,2021-11-21 20:24:00+01:00,,"{'id': '37439688c6302728', 'url': 'https://api.twitter.com/1.1/geo/id/37439688c6302728.json', 'place_type': 'city', 'name': 'Munich', 'full_name': 'Munich, Germany', 'country_code': 'DE', 'country': 'Germany', 'contained_within': [], 'bounding_box': {'type': 'Polygon', 'coordinates': [[[11.360589, 48.061634], [11.722918, 48.061634], [11.722918, 48.248124], [11.360589, 48.248124]]]}, 'attributes': {}}",,3 dreiviertel Stunden in der K√§lte am Vereinsgel√§nde des SV M√ºnchenLaim eV auf die versprochene spontanohne Ter ,3 three-quarters of an hour in the cold at the club grounds of SV M√ºnchenLaim eV waiting for the promised spontaneous without Ter,True,Regina Koller,KollerRegina,Negative,0.44833090673907616,-1,three-quarters,-0.44833090673907616,-0.44833090673907616
1462508126633172992,2021-11-21 19:48:04,2021-11-21 20:48:04+01:00,,,,3G in Bus und Bahn Was schon klar ist  und was nicht ,3G in bus and train What is already clear and what is not,False,BR24,BR24,Positive,0.5796546965225441,1,already,0.5796546965225441,0.5796546965225441
1462552162161106688,2021-11-21 22:43:03,2021-11-21 23:43:03+01:00,,,, Nur wartest Du sicher nie auf einen Bus Nils," Only you never wait for a bus, Nils...",False,lizard_king,lizzardkiing,Positive,0.7248423980824888,1,Nils...,0.7248423980824888,0.7248423980824888
1462662847465504768,2021-11-22 06:02:52,2021-11-22 07:02:52+01:00,,,, 3G in Bus und Bahn schon in dieser Woche Was Fahrg√§ste jetzt wissen m√ºssen  , 3G on buses and trains as early as this week What passengers need to know now,False,FOCUS Eilmeldungen,FOCUS_Eil,Negative,0.11267468715833595,-1,passengers,-0.11267468715833595,-0.11267468715833595
1462707598847889408,2021-11-22 09:00:42,2021-11-22 10:00:42+01:00,,,, Wann kann eigentlich die Mehrheit der deutschen Nutzer mit IPv4 CGN und echter IPv6 das FritzVPN nutzen D , When can actually the majority of German users with IPv4 CGN and real IPv6 use the FritzVPN D,True,Lars Duesing,lduesing,Positive,0.32373468296765506,1,actually,0.32373468296765506,0.32373468296765506
1462708743305637888,2021-11-22 09:05:14,2021-11-22 10:05:14+01:00,,,, Wer vom Land hat heute vor der Arbeit einen kilometerweiten Fu√ümarsch oder Radltour zum Testzentrum gem , Who from the country has today before the work a kilometer-wide foot march or Radltour to the test center gem,True,Grantler,oida_grantler,Neutral,0.11643215041372301,0,kilometer-wide,0.11643215041372301,0.0
1462710292614422528,2021-11-22 09:11:24,2021-11-22 10:11:24+01:00,,,,Probleme mit Alkohol Im Meeting Arcis Anonyme Alkoholiker M√ºnchen sprechen wir dar√ºber jeden Samstag um 1900 Uh ,Problems with alcohol In the meeting Arcis Alcoholics Anonymous Munich we talk about it every Saturday at 1900 Uh,True,@bill&bob,arcismeeting,Positive,0.682015974727949,1,Alcoholics,0.682015974727949,0.682015974727949
1462717489989652480,2021-11-22 09:40:00,2021-11-22 10:40:00+01:00,,,,Der Iveco EWay ist jetzt optional auch mit neuen HochleistungsNMCBatterien NickelManganCobalt erh√§ltlich  D ,The Iveco EWay is now optionally available with new high-performance NickelManganeseCobalt (NMC) batteries D,True,AGK Truck & Bus GmbH,AGK_Bayern,Positive,0.006966590445162568,1,NickelManganeseCobalt,0.006966590445162568,0.006966590445162568
1462732589551296512,2021-11-22 10:40:00,2021-11-22 11:40:00+01:00,,,,Ihre Buswerkstatt in Feldkirchen bei M√ºnchen und F√ºrth  AGKBayern Bus Werkstatt,Your bus workshop in Feldkirchen near Munich and F√ºrth AGKBayern Bus Werkstatt,False,AGK Truck & Bus GmbH,AGK_Bayern,Negative,0.00935090370010172,-1,Feldkirchen,-0.00935090370010172,-0.00935090370010172
1462778133267025920,2021-11-22 13:40:58,2021-11-22 14:40:58+01:00,,,,Ne Nacht die anstrengender war als der ganze Tag davor  oder aufstehen und sich wie vom Bus gestreift f√ºhlen,A night that was more exhausting than the whole day before or getting up and feeling like being hit by a bus.,False,jemand.,jmnnd1,Positive,0.6616489880542368,1,exhausting,0.6616489880542368,0.6616489880542368
1462791481933156352,2021-11-22 14:34:01,2021-11-22 15:34:01+01:00,,,,161 Ich m√ºsste zuerst ins Testzentrum laufen um mich Testen zu lassen Anschliessend dann mit dem Bus zum Im ,161 I would first have to walk to the test centre to get tested and then take the bus to the hospital.,True,Marco Levenhagen üá©üá™üá™üá∫üåç,mlevenhagen,Negative,0.2713780932978388,-1,hospital.,-0.2713780932978388,-0.2713780932978388
1462816629130149888,2021-11-22 16:13:56,2021-11-22 17:13:56+01:00,,,,3GRegel in Bus und Bahn Das m√ºssen Fahrg√§ste jetzt beachten ,3G rule on buses and trains Passengers must now observe this rule,False,Merkur.de,merkur_de,Negative,0.5819095737186458,-1,Passengers,-0.5819095737186458,-0.5819095737186458
1462870519804534784,2021-11-22 19:48:05,2021-11-22 20:48:05+01:00,,,, Die Bayern w√§hlen den Diktator genau Wegen seines CoronaWahnsinns Sie wollen und w√ºnschen sich , The Bavarians vote for the dictator precisely BECAUSE of his Corona madness They want and wish for,True,Gregor,gregadam2009,Positive,0.15578951358419824,1,Bavarians,0.15578951358419824,0.15578951358419824
1462984406948270080,2021-11-23 03:20:38,2021-11-23 04:20:38+01:00,,,,Neun Verletzte in Bremerhaven bei Unfall mit Bus ,Nine injured in Bremerhaven in accident with bus,False,Merkur.de,merkur_de,Negative,0.7631100359766276,-1,Bremerhaven,-0.7631100359766276,-0.7631100359766276
1463021889664790528,2021-11-23 05:49:34,2021-11-23 06:49:34+01:00,,,, Bei einem Busungl√ºck in Bulgarien sind mindestens 45 Menschen ums Leben gekommen Der Bus verungl√ºckte in der , At least 45 people have died in a bus accident in Bulgaria The bus crashed in the,True,BR24,BR24,Positive,0.4735511499262385,1,accident,0.4735511499262385,0.4735511499262385
1463044301731115008,2021-11-23 07:18:38,2021-11-23 08:18:38+01:00,,,,"5 Freundin war So beim Impfbus
Es hie√ü ab 9 845 waren bereits um 80 Personen da Bus kam gegen 945 Z ","5 Friend was so at the vaccination bus
It said from 9 845 were already around 80 people there bus came around 945 Z",True,Weltnichtversteherin üî¥üî¥üî¥,sicilia1991,Neutral,0.7660083300915467,0,vaccination,0.7660083300915467,0.0
1463046623773212672,2021-11-23 07:27:51,2021-11-23 08:27:51+01:00,,,,Heftiger Unfall in Bulgarien Bus geht in Flammen auf  mindestens 46 Tote ,Violent accident in Bulgaria Bus bursts into flames at least 46 dead,False,Merkur.de,merkur_de,Positive,0.2708083925031718,1,accident,0.2708083925031718,0.2708083925031718
1463050971341332480,2021-11-23 07:45:08,2021-11-23 08:45:08+01:00,,,,Wann haftet bei einem Schaden wenn ein Bus  von der Haltestelle abf√§hrt Wenn ein Fahrzeug vom Fahrbahnrand auf d ,When is liability for damage when a bus pulls away from a bus stop When a vehicle pulls away from the side of the road onto d,True,OMNIBUSREVUE,omnibusrevue,Positive,0.6531302738181914,1,liability,0.6531302738181914,0.6531302738181914
1463057166781358080,2021-11-23 08:09:45,2021-11-23 09:09:45+01:00,,,, Bei einem Busungl√ºck in Bulgarien sind mindestens 45 Menschen ums Leben gekommen Der Bus verungl√ºckte in der , At least 45 people have died in a bus accident in Bulgaria The bus crashed in the,True,BR24,BR24,Neutral,0.8993016432394547,0,accident,0.8993016432394547,0.0
1463063665817657088,2021-11-23 08:35:34,2021-11-23 09:35:34+01:00,,"{'id': '37439688c6302728', 'url': 'https://api.twitter.com/1.1/geo/id/37439688c6302728.json', 'place_type': 'city', 'name': 'Munich', 'full_name': 'Munich, Germany', 'country_code': 'DE', 'country': 'Germany', 'contained_within': [], 'bounding_box': {'type': 'Polygon', 'coordinates': [[[11.360589, 48.061634], [11.722918, 48.061634], [11.722918, 48.248124], [11.360589, 48.248124]]]}, 'attributes': {}}",,Voraussichtlich ab morgen gilt die 3GRegelung in U amp SBahn Bus und Tram Damit d√ºrfen nur geimpfte genesene od ,Probably from tomorrow the 3G-regulation is valid in U amp SBahn bus and tram With it only vaccinated recovered od,True,Dorin Popa,NiceBastard,Positive,0.8045441697488789,1,3G-regulation,0.8045441697488789,0.8045441697488789
1463074510207434752,2021-11-23 09:18:40,2021-11-23 10:18:40+01:00,,"{'id': '37439688c6302728', 'url': 'https://api.twitter.com/1.1/geo/id/37439688c6302728.json', 'place_type': 'city', 'name': 'Munich', 'full_name': 'Munich, Germany', 'country_code': 'DE', 'country': 'Germany', 'contained_within': [], 'bounding_box': {'type': 'Polygon', 'coordinates': [[[11.360589, 48.061634], [11.722918, 48.061634], [11.722918, 48.248124], [11.360589, 48.248124]]]}, 'attributes': {}}",,13  Was mich hier in Deutschland am meisten nervt ist dieses grunds√§tzliche abwehrende Nein s ,13 What annoys me most here in Germany is this basic defensive no s,True,Dorin Popa,NiceBastard,Neutral,0.8247692071710158,0,defensive,0.8247692071710158,0.0
1463078218819379200,2021-11-23 09:33:24,2021-11-23 10:33:24+01:00,,,, Das Foto kmmt im M√ºnchner Fenster im TV von Bus Tram und UBahn meist dicht hinter der KickerWe , The photo kmmt in the Munich window in the TV of bus tram and UBahn usually close behind the KickerWe,True,Ingmar Gregorzewski ü™ë,readingmar,Neutral,0.009735466131391202,0,KickerWe,0.009735466131391202,0.0
1463079878090235904,2021-11-23 09:40:00,2021-11-23 10:40:00+01:00,,,,Seit mehr als dreizehn Jahren sorgen wir daf√ºr dass Nahverkehrs und Reisebusse nach Wartungen und Reparaturen sch ,For more than thirteen years we have been making sure that local transport and coaches are safe after maintenance and repairs.,True,AGK Truck & Bus GmbH,AGK_Bayern,Positive,0.5818300563611675,1,maintenance,0.5818300563611675,0.5818300563611675
1463083358028718080,2021-11-23 09:53:49,2021-11-23 10:53:49+01:00,,,,Unterwegs mit Bus und Bahn im 3GLand Was Fahrg√§ste jetzt wissen m√ºssen ,Travelling by bus and train in 3GLand What passengers need to know now,False,WEB.DE News,WEBDENews,Positive,0.3745728719526207,1,Travelling,0.3745728719526207,0.3745728719526207
1463083358896930816,2021-11-23 09:53:50,2021-11-23 10:53:50+01:00,,,,Unterwegs mit Bus und Bahn im 3GLand Was Fahrg√§ste jetzt wissen m√ºssen ,Travelling by bus and train in 3GLand What passengers need to know now,False,WEB.DE News - Wissen,WEBDENews_Infos,Positive,0.5027709458300867,1,Travelling,0.5027709458300867,0.5027709458300867
1463083358896930818,2021-11-23 09:53:50,2021-11-23 10:53:50+01:00,,,,Unterwegs mit Bus und Bahn im 3GLand Was Fahrg√§ste jetzt wissen m√ºssen ,Travelling by bus and train in 3GLand What passengers need to know now,False,WEB.DE News - Wissen,WEBDENews_Infos,Positive,0.38405708928672455,1,Travelling,0.38405708928672455,0.38405708928672455
1463098030899568646,2021-11-23 10:52:08,2021-11-23 11:52:08+01:00,,,," Fast ALLE Gestorbenen sind Albaner viele von ihnen Kinder 

UND der Bus geh√∂rte der Firma BESA trans "," Almost ALL the dead are Albanians many of them children

AND the bus belonged to the company BESA trans",True,Saliha-Sylbija,KinderschutzI,Positive,0.4448881117218033,1,Albanians,0.4448881117218033,0.4448881117218033
1463125360556617735,2021-11-23 12:40:44,2021-11-23 13:40:44+01:00,,,, Viel Gl√ºck allen Projekten wenn die Station DonnersbergerBr√ºcke als Referenz gilt Kein sicherer Umstieg zu , Good luck to all projects if DonnersbergerBr√ºcke station is the reference No safe transfer to,True,Fabian Norden,fabiannorden,Positive,0.4999606889632141,1,DonnersbergerBr√ºcke,0.4999606889632141,0.4999606889632141
1463126388047851529,2021-11-23 12:44:49,2021-11-23 13:44:49+01:00,,,, Also dass das Model 3 im Gegensatz zum EQS nicht blitzt und blinkt wie ein Barbie Bus finde ich gut," I like the fact that the Model 3, unlike the EQS, doesn't flash and blink like a Barbie bus.",False,Robin Engelhardt,Elektro_Robin,Neutral,0.6091470196191675,0,doesn't,0.6091470196191675,0.0
1463172109493055490,2021-11-23 15:46:29,2021-11-23 16:46:29+01:00,,,, Bis vor Kurzem kamen immer wieder Impfgegner zum Bus Giftspritzer schrien sie M√∂rder Aber als im Landkre ," Until recently, anti-vaccinationists kept coming to the bus Poisoners shouted they were murderers But when in county",True,hiraeth üé∑,h12437h,Negative,0.41464806306634805,-1,anti-vaccinationists,-0.41464806306634805,-0.41464806306634805
1463186023161241602,2021-11-23 16:41:47,2021-11-23 17:41:47+01:00,,,, 100 verst√§ndlich Und die Kollegin kommt eh nicht drum rum sich testen zu lassen da sie den Nachweis au , 100 understandable And the colleague can not get around it anyway to be tested because they have the proof au,True,Lina Tereshkova #stayathome üåπ,lina_tereshkova,Negative,0.5995836049405674,-1,understandable,-0.5995836049405674,-0.5995836049405674
1463255351017590790,2021-11-23 21:17:16,2021-11-23 22:17:16+01:00,,,,  das mit der 3 g regel in bus  Bahn  treibt ab morgen wieder sehr viel mehr Autos auf die strasse ,  that with the 3 g rule in bus lane drives from tomorrow again much more cars on the road,True,doris use,doris_use,Neutral,0.7165619973359543,0,tomorrow,0.7165619973359543,0.0
1463353123536347138,2021-11-24 03:45:47,2021-11-24 04:45:47+01:00,,,,Sch√§rfere CoronaRegeln 3GKontrollen in Bus und Bahn ,Stricter Corona rules 3G checks on buses and trains,False,Merkur.de,merkur_de,Negative,0.6433963139736215,-1,Stricter,-0.6433963139736215,-0.6433963139736215
1463356996418256900,2021-11-24 04:01:10,2021-11-24 05:01:10+01:00,,,,"Hab meinen Bus verpasst
Wie hoch steht die Chance dass ich ein Fahrrad klau","Missed my bus.
What are the odds I'd steal a bike?",False,cloutboi juliüßâ,_juliuspeter,Negative,0.7950818629291,-1,Missed,-0.7950818629291,-0.7950818629291
1463386270688759810,2021-11-24 05:57:29,2021-11-24 06:57:29+01:00,,,,Youtube Kommt der Kia Niro noch einmal als Vollstromer Polestar Precept wird zum  Designstar Polestar 5 ,Youtube Is the Kia Niro coming once again as a full-power Polestar Precept becomes a design star Polestar 5,True,e-engine magazin,eenginemagazin,Neutral,0.8929669333124927,0,full-power,0.8929669333124927,0.0
