id,created_at,created_at_tz,geo,place,coordinates,text,text_en,truncated,name,screen_name,sentiment,confidence,sentiment_digit,keyword
1460458947740057600,2021-11-16 04:05:21,2021-11-16 05:05:21+01:00,,,,ESWEEBusFlotte Auf √ºber 1 Mio Fahrtkilometern √ºber 1 Mio kg CO2 eingespart ,"ESWEEBusFleet Over 1 million kilometres travelled, over 1 million kg of CO2 saved",False,busplaner,omnibusmagazin,Neutral,0.624566171978004,0,ESWEEBusFleet
1460470129050124288,2021-11-16 04:49:47,2021-11-16 05:49:47+01:00,,,, Lasst die Leute doch in Ruhe und selbst entscheiden wie wir das bei jeder anderen Impfung auch tun un , Let the people alone and decide for themselves like we do with every other vaccination.,True,Deutschland im liberalen Chaos,BRDimChaos,Positive,0.10737165792152514,1,vaccination.
1460481161637949440,2021-11-16 05:33:38,2021-11-16 06:33:38+01:00,,,," Woher kommen pl√∂tzlich all diese Hallo ich bin und hatte Corona Propaganda Postings

Lasst die Leu "," Where are all these hello I am and had Corona propaganda postings suddenly coming from

Let the leu",True,Deutschland im liberalen Chaos,BRDimChaos,Neutral,0.14168778940264182,0,propaganda
1460481230361665536,2021-11-16 05:33:54,2021-11-16 06:33:54+01:00,,,," Woher kommen pl√∂tzlich all diese Hallo ich bin und hatte Corona Propaganda Postings

Lasst die Leute "," Where are all these hello I am and had Corona propaganda postings suddenly coming from

Let the people",True,Deutschland im liberalen Chaos,BRDimChaos,Positive,0.3179799524545781,1,propaganda
1460481386469486336,2021-11-16 05:34:31,2021-11-16 06:34:31+01:00,,,," Woher kommen pl√∂tzlich all diese Hallo ich bin und hatte Corona Propaganda Postings

Lasst die Leu "," Where are all these hello I am and had Corona propaganda postings suddenly coming from

Let the leu",True,Deutschland im liberalen Chaos,BRDimChaos,Positive,0.9894612989305771,1,propaganda
1460485553762311936,2021-11-16 05:51:05,2021-11-16 06:51:05+01:00,,,,Kelly Family geht mit legend√§rem Bus auf Tour  und hat eine √úberraschung parat ,Kelly Family goes on tour with legendary bus and has a surprise up its sleeve,False,WEB.DE News,WEBDENews,Neutral,0.12875014227405734,0,legendary
1460485554601082880,2021-11-16 05:51:05,2021-11-16 06:51:05+01:00,,,,Kelly Family geht mit legend√§rem Bus auf Tour  und hat eine √úberraschung parat ,Kelly Family goes on tour with legendary bus and has a surprise up its sleeve,False,WEB.DE News - Stars,WEBDENews_Stars,Negative,0.9165877978860265,-1,legendary
1460508866848907264,2021-11-16 07:23:43,2021-11-16 08:23:43+01:00,,,,2nd_Bass    Da√ü hier in amp um M√ºnchen die Bus  TrambahnfahrerInn ,2nd_Bass That here in amp around Munich the bus tram driversInn,True,Regina Koller,KollerRegina,Positive,0.6043118443246617,1,driversInn
1460511244788588288,2021-11-16 07:33:10,2021-11-16 08:33:10+01:00,,,,"Probleme mit Alkohol Im Meeting Arcis Anonyme Alkoholiker sprechen wir dar√ºber jeden Samstag um 1900 Uhr 

M√ºn ","Problems with alcohol At the Arcis Alcoholics Anonymous meeting we talk about this every Saturday at 1900 hrs.

M√ºn",True,@bill&bob,arcismeeting,Neutral,0.06433802158389856,0,Alcoholics
1460513105780355072,2021-11-16 07:40:34,2021-11-16 08:40:34+01:00,,,,S√∂der um 9 Uhr bei BILD Live  Lockdown f√ºr Ungeimpfte  Muenchen Nachrichten,S√∂der at 9 o'clock at BILD Live Lockdown for unvaccinated Muenchen News,False,BILD M√ºnchen,BILD_Muenchen,Positive,0.3768849475796424,1,unvaccinated
1460525712608223232,2021-11-16 08:30:39,2021-11-16 09:30:39+01:00,,,," Hier kommt das Neueste aus unserer Redaktion 
The Kelly Family geht mit ber√ºhmtem Bus wieder auf Tour
"," Here comes the latest from our editorial office
The Kelly Family goes on tour again with famous bus
",False,spot on news,spotonnews,Neutral,0.8159698511336463,0,editorial
1460526265757229056,2021-11-16 08:32:51,2021-11-16 09:32:51+01:00,,,,3G im Zug Wer soll das kontrollieren  Scheuer f√§hrt S√∂der in die Parade ,3G in the train Who should control it Scheuer drives S√∂der into the parade,False,Merkur.de,merkur_de,Positive,0.07116311108486251,1,control
1460527751836884736,2021-11-16 08:38:45,2021-11-16 09:38:45+01:00,,,,3G im Zug Wer soll das kontrollieren  Scheuer f√§hrt S√∂der in die Parade ,3G in the train Who should control it Scheuer drives S√∂der into the parade,False,Rolf Ullrich,rolfullrich45,Negative,0.4157492234932294,-1,control
1460530267223899904,2021-11-16 08:48:45,2021-11-16 09:48:45+01:00,,,,Einmal unabh√§ngig von 3GRegel in Bus u Bahn Wichtig w√§re dass das Vertrauen der Menschen in den √ñffentlichen Ve ,Once independent of 3G rule in bus and train Important would be that the confidence of the people in the public Ve,True,ADAC,ADAC,Negative,0.6261602390075364,-1,independent
1460543162686992384,2021-11-16 09:40:00,2021-11-16 10:40:00+01:00,,,, AGK ServiceMobile im Einsatz  ServiceAufenthalte in der Werkstatt kosten viel Zeit Um unseren Kunden lange A ," AGK ServiceMobiles in use Service stops in the workshop cost a lot of time In order to provide our customers with long service times, AGK ServiceMobiles are used.",True,AGK Truck & Bus GmbH,AGK_Bayern,Negative,0.21932405582594705,-1,ServiceMobiles
1460558262135181312,2021-11-16 10:40:00,2021-11-16 11:40:00+01:00,,,," Ihre Buswerkstatt in Feldkirchen bei M√ºnchen und F√ºrth
 Wartung 
 Reparatur 
 VorOrtService  Ku "," Your bus workshop in Feldkirchen near Munich and F√ºrth
 Maintenance
 Repair
 On-site service Ku",True,AGK Truck & Bus GmbH,AGK_Bayern,Neutral,0.7042401639031289,0,Feldkirchen
1460565937887793152,2021-11-16 11:10:30,2021-11-16 12:10:30+01:00,,,,RenaultHyvia Auch Master CityBus und Fahrgestell mit Fuel Cell ,RenaultHyvia Also Master CityBus and chassis with Fuel Cell,False,VISION mobility,VISIONmobility1,Neutral,0.4008360976130684,0,RenaultHyvia
1460588288843124736,2021-11-16 12:39:19,2021-11-16 13:39:19+01:00,,,,So 15 min auf den Bus warten ,So 15 min wait for the bus,False,Mammut69üíâüíâ,Mammut691,Positive,0.4697673591924375,1,wait
1460610984561811712,2021-11-16 14:09:30,2021-11-16 15:09:30+01:00,,,,Menschen die beim Bus vorne beim Fahrer einsteigen und ihre Fahrkarte vorzeigen Wei√ü man da schon genaueres m√ºnchen,People who get on the bus in front of the driver and show their ticket Do you know more about it munich,False,"mal faul, mal Tier. Immer üåàüè≥Ô∏è‚Äçüåàüíâüíâ",malfaulmaltier,Negative,0.24570392809810693,-1,People
1460700147055316736,2021-11-16 20:03:48,2021-11-16 21:03:48+01:00,,,,  Ui ich war bisher auf Bus aber Hurtigruten ist nat√ºrlich eine ganz tolle Idee,  Ui I was so far on bus but Hurtigruten is of course a great idea,False,berghungrig üá™üá∫,berghungrig,Negative,0.08630431485293066,-1,Hurtigruten
1460701429979566080,2021-11-16 20:08:54,2021-11-16 21:08:54+01:00,,,,Verkehrsministerin KerstinSchreyer in der 24 Rundschau zu 3G in Bus und Bahn Der Schutz der Fahrg√§ste im ,Transport Minister KerstinSchreyer in the 24 Rundschau on 3G in buses and trains The protection of passengers in the,True,"Staatsministerium f√ºr Wohnen, Bau und Verkehr",BauenBewegen,Positive,0.13691838658254163,1,KerstinSchreyer
1460702751046917888,2021-11-16 20:14:09,2021-11-16 21:14:09+01:00,,,, Ist immer noch so Ab Bod√∏ dann Bus , Is still so From Bod√∏ then bus,False,berghungrig üá™üá∫,berghungrig,Positive,0.6534234620990285,1,still
1460703714616950784,2021-11-16 20:17:58,2021-11-16 21:17:58+01:00,,,,   Tja Ich w√ºrde mal sagen Bus verpasst,"   Well, I'd say we missed the bus.",False,Thomas B√∂ttiger üè≥Ô∏è‚Äçüåà,macinthemiddle,Positive,0.9392978190291905,1,missed
1460718090036129536,2021-11-16 21:15:06,2021-11-16 22:15:06+01:00,,"{'id': '37439688c6302728', 'url': 'https://api.twitter.com/1.1/geo/id/37439688c6302728.json', 'place_type': 'city', 'name': 'Munich', 'full_name': 'Munich, Germany', 'country_code': 'DE', 'country': 'Germany', 'contained_within': [], 'bounding_box': {'type': 'Polygon', 'coordinates': [[[11.360589, 48.061634], [11.722918, 48.061634], [11.722918, 48.248124], [11.360589, 48.248124]]]}, 'attributes': {}}",,  Ausw√§rts in Dortmund wenn dort auch 2G kommt wird es dann schon schwieriger Oder sie sch ,  Away in Dortmund if there also 2G comes it will then already more difficult Or they sch,True,Quintuple-Sandy,Robben25052013,Negative,0.17222418759395908,-1,difficult
1460720254015921920,2021-11-16 21:23:42,2021-11-16 22:23:42+01:00,,,,Verkehrsexperte zu CoronaRegeln Bus und Bahn sind ohne 3G nicht mehr nutzbar  ,Transport expert on CoronaRules Bus and train are no longer usable without 3G,False,Marko Schlichting,schlichtmedien,Neutral,0.29511877155315847,0,CoronaRules
1460849370950156288,2021-11-17 05:56:45,2021-11-17 06:56:45+01:00,,,,Youtube warum diese Porsche356Konversion auf Elektro anders ist Warum Motortrend den LucidAir zum Auto des ,Youtube Why this Porsche356conversion to electric is different Why Motortrend named the LucidAir Car of the,True,e-engine magazin,eenginemagazin,Positive,0.4760595803087223,1,Porsche356conversion
1460890620512411648,2021-11-17 08:40:40,2021-11-17 09:40:40+01:00,,,,"3G in Bus und Bahn Ampel plant weitere Versch√§rfungen f√ºr Ungeimpfte

Die B√ºrgerrechte werden dadurch weiterhin ","3G on bus and train traffic lights plan further tightening for the unvaccinated

Civil liberties will continue to be",True,AfD Bayern im Landtag,AfD_Bayern_LT,Positive,0.8594918204777119,1,unvaccinated
1460896776387452928,2021-11-17 09:05:08,2021-11-17 10:05:08+01:00,,,,RenaultHyvia Auch Master CityBus und Fahrgestell mit Fuel Cell ,RenaultHyvia Also Master CityBus and chassis with Fuel Cell,False,busplaner,omnibusmagazin,Positive,0.6464524570966722,1,RenaultHyvia
1460919195462422528,2021-11-17 10:34:13,2021-11-17 11:34:13+01:00,,,,  Und Logik sagt im Auto sitze ich allein od mit 14 Personen aus gleichem Haushalt od befre ,  And logic says in the car I sit alone or with 14 people from the same household or friends.,True,Johannes Reichart,JuanReichart,Positive,0.8836363053822649,1,household
1460920650218967040,2021-11-17 10:40:00,2021-11-17 11:40:00+01:00,,,,Als autorisierte Solaris Bus Werkstatt f√ºhren wir alle Wartungsarbeiten und Kundendienste f√ºr Deine Solaris Busse d ,"As an authorised Solaris bus workshop, we carry out all maintenance work and customer services for your Solaris buses d",True,AGK Truck & Bus GmbH,AGK_Bayern,Neutral,0.41752298752769057,0,maintenance
1460921435552198912,2021-11-17 10:43:07,2021-11-17 11:43:07+01:00,,,, 2000     Doch klar EBusse schon Ab , 2000 But of course EBusse already Ab,True,RGB Pixl,RGBPixl,Neutral,0.6032932786430854,0,already
1460950806203613184,2021-11-17 12:39:50,2021-11-17 13:39:50+01:00,,,,im bus redet hier jemand so laut t√ºrkisch bro erz√§hl gleich dein lebenslauf,on the bus someone is talking so loud in turkish bro tell your resume right now,False,dilan,lmaodilann,Negative,0.7880917639202137,-1,someone
1460960964610772736,2021-11-17 13:20:11,2021-11-17 14:20:11+01:00,,,, 13   W√§r f√ºr irgendwann anstehenden Neubau sicherlich trotzdem sinnvol , 13 Would certainly still make sense for a new building at some point in the future.,True,Andi Barth @dahoam,Andi_Barth,Positive,0.9890490094334335,1,certainly
1460971366937772032,2021-11-17 14:01:32,2021-11-17 15:01:32+01:00,,,,Bewerbungsgespr√§ch Bewerberin gibt an nicht geimpft und nicht getestet zu sein braucht sie nicht weil sie ja mi ,job interview applicant states not to be vaccinated and not tested she does not need to be because she is with,True,Klaus,FKAMUC,Neutral,0.7592979805405482,0,vaccinated
1460990484135006208,2021-11-17 15:17:29,2021-11-17 16:17:29+01:00,,,,Ist euch das auch schon passiert ihr steigt irgendwo aus ZugSBahn aus wo ihr euch nicht auskennt und verpasst ,Has this ever happened to you? You get off the train somewhere where you don't know your way around and miss it?,True,Edmund Lauterbach,elba013,Neutral,0.4959757952525552,0,somewhere
1460995609394089984,2021-11-17 15:37:51,2021-11-17 16:37:51+01:00,,,, 13 Und zwischen 2 Haltestellen muss man 4 Ampelfurten √ºberqueren die in der f√ºr Fu√üg√§nger un , 13 And between 2 stops you have to cross 4 traffic light lanes which are in the pedestrians un,True,Velo-Ciraptor,VeloCiraptorMuc,Neutral,0.5570860064359232,0,pedestrians
1461042346775269120,2021-11-17 18:43:34,2021-11-17 19:43:34+01:00,,,,Wir werden weiter im Bus vom Helge bedroht,We are further threatened in the bus by the Helge,False,Jenny,jennyAntifa,Negative,0.7621387229772655,-1,threatened
1461081762810023936,2021-11-17 21:20:12,2021-11-17 22:20:12+01:00,,,, 23 Oh je du Arme Da kam gestern was bzgl der Virenlast und wo die Ansteckungsgefahr am g , 23 Oh dear you poor There was something yesterday regarding the viral load and where the risk of infection at the g,True,·ó©·ëéGI·ïÆ ¬Æ,sweettweetangie,Positive,0.13335073909934403,1,something
1461129386267185152,2021-11-18 00:29:26,2021-11-18 01:29:26+01:00,,,,Eingeschr√§nkte Fahrzeugverf√ºgbarkeit Dieser Zug f√§llt leider aus Ersatzverkehr mit Bus eingerichtet bahn ,Limited vehicle availability This train is unfortunately cancelled Substitute transport with bus set up bahn,False,DB Regio Bayern,streckenagentOB,Positive,0.8455957465448977,1,unfortunately
1461220908396392448,2021-11-18 06:33:07,2021-11-18 07:33:07+01:00,,,,"Probleme mit Alkohol Im Meeting Arcis Anonyme Alkoholiker sprechen wir dar√ºber jeden Samstag um 1900 Uhr 

M√ºn ","Problems with alcohol At the Arcis Alcoholics Anonymous meeting we talk about this every Saturday at 1900 hrs.

M√ºn",True,@bill&bob,arcismeeting,Neutral,0.22171033095035553,0,Alcoholics
1461240791683194880,2021-11-18 07:52:07,2021-11-18 08:52:07+01:00,,"{'id': 'ba3fdf239c314d26', 'url': 'https://api.twitter.com/1.1/geo/id/ba3fdf239c314d26.json', 'place_type': 'city', 'name': 'Planegg', 'full_name': 'Planegg, Deutschland', 'country_code': 'DE', 'country': 'Germany', 'contained_within': [], 'bounding_box': {'type': 'Polygon', 'coordinates': [[[11.385065, 48.089355], [11.463634, 48.089355], [11.463634, 48.118412], [11.385065, 48.118412]]]}, 'attributes': {}}",,   QR Code am Bus und zum Event machen mit denn Corona App Wer das nutzt fahrt kostenlos mit,   QR Code on the bus and make the event with the Corona App Who uses this ride for free with,False,üåà Happy Horror Sinclair.,PirateSoul4,Negative,0.4109392443755976,-1,Corona
1461267938346950912,2021-11-18 09:40:00,2021-11-18 10:40:00+01:00,,,,Ihr Spezialist f√ºr Busreparaturen in Bayern Mit Standorten in Feldkirchen bei M√ºnchen und F√ºrth ,Your specialist for bus repairs in Bavaria With locations in Feldkirchen near Munich and F√ºrth,True,AGK Truck & Bus GmbH,AGK_Bayern,Neutral,0.3748363729567975,0,Feldkirchen
1461281806712553472,2021-11-18 10:35:06,2021-11-18 11:35:06+01:00,,,,"Probleme mit Alkohol Im Meeting Arcis Anonyme Alkoholiker sprechen wir dar√ºber jeden Samstag um 1900 Uhr 

M√ºn ","Problems with alcohol At the Arcis Alcoholics Anonymous meeting we talk about this every Saturday at 1900 hrs.

M√ºn",True,@bill&bob,arcismeeting,Negative,0.6089486795958756,-1,Alcoholics
1461285718366511104,2021-11-18 10:50:39,2021-11-18 11:50:39+01:00,,"{'id': 'ba3fdf239c314d26', 'url': 'https://api.twitter.com/1.1/geo/id/ba3fdf239c314d26.json', 'place_type': 'city', 'name': 'Planegg', 'full_name': 'Planegg, Deutschland', 'country_code': 'DE', 'country': 'Germany', 'contained_within': [], 'bounding_box': {'type': 'Polygon', 'coordinates': [[[11.385065, 48.089355], [11.463634, 48.089355], [11.463634, 48.118412], [11.385065, 48.118412]]]}, 'attributes': {}}",,7  Ich warte nur auf den Bus,7 I'm just waiting for the bus,False,üåà Happy Horror Sinclair.,PirateSoul4,Neutral,0.22911667323479756,0,waiting
1461347055750696704,2021-11-18 14:54:23,2021-11-18 15:54:23+01:00,,,, K1 hat im Bus nen Nazi getroffen ihn freundlich aber bestimmt des Platzes verwiesen und daf√ºr von K2 Applaus erhalten, K1 has met a Nazi in the bus and has sent him away in a friendly but determined way and has received applause from K2 for it,False,Anton Steindl,Anton_1860,Positive,0.41128586156617386,1,determined
1461348384569102336,2021-11-18 14:59:40,2021-11-18 15:59:40+01:00,,,,"  Erst waren es Chips jetzt ne Bombe
Als n√§chstes ein Jetpack und n Bus","  First it was chips now it's a bomb
Next a jetpack and a bus",False,M≈±√±√ßh≈Ñ√™≈ôB≈Ø√°,Fm_Maxi_92,Positive,0.5698568048109147,1,jetpack
1461364625820160000,2021-11-18 16:04:12,2021-11-18 17:04:12+01:00,,,,AmpelKoalition versch√§rft CoronaMa√ünahmen SPD Gr√ºne und FDP beschlie√üen 3 G am Arbeitsplatz sowie in Bus und ,Ampel coalition tightens Corona measures SPD Greens and FDP decide 3 G at the workplace as well as in bus and,True,SZ Politik,SZ_Politik,Positive,0.9106852246983294,1,coalition
1461395134604619520,2021-11-18 18:05:26,2021-11-18 19:05:26+01:00,,,,Der Bundestag hat es beschlossen die unionsgef√ºhrten L√§nder im Bundesrat str√§uben sich K√§me das neue Infektions ,"The Bundestag has passed the bill, but the CDU/CSU-led states in the Bundesrat (upper house of parliament) are resisting it.",True,BR24,BR24,Neutral,0.9948318063168725,0,CDU/CSU-led
1461397019994459904,2021-11-18 18:12:55,2021-11-18 19:12:55+01:00,,,,Heute zu Gast beim HUSSVERLAG GmbH zur Verleihung des Europ√§ischen Transportpreis f√ºr nachhaltigkeit  in der M√ºnc ,Today we were guests at the HUSSVERLAG GmbH for the award ceremony of the European Transport Award for Sustainability in Munich.,True,Anita W√ºrmser,Logistik_Blog,Negative,0.5026798169866015,-1,Sustainability
1461437258708443136,2021-11-18 20:52:49,2021-11-18 21:52:49+01:00,,,,Corona im √∂ffentlichen Verkehr Das √§ndert sich bei Bus und Bahn ,Corona in public transport What's changing on buses and trains?,False,Merkur.de,merkur_de,Neutral,0.685935381456605,0,transport
1461469826078154752,2021-11-18 23:02:13,2021-11-19 00:02:13+01:00,,,,17  Ich bef√ºrchte eher dass mit den jetzigen Coronazahlen der Zusatzbelastung durch 3G in BusampBahn ,17 I rather fear that with the current corona figures of the additional load of 3G in BusampBahn,True,Edmund Lauterbach,elba013,Negative,0.7631865682360733,-1,additional
1461487052869050368,2021-11-19 00:10:41,2021-11-19 01:10:41+01:00,,,, 2G und 3G gibts in Bayern schon und hat bisher nichts gebracht 3G am Arbeitsplatz wie und wer kontr , 2G and 3G already exist in Bavaria and have so far brought nothing 3G at the workplace how and who kontr,True,nonpreoccuparti,Laf3001,Negative,0.9807210913051243,-1,workplace
1461581087612846080,2021-11-19 06:24:20,2021-11-19 07:24:20+01:00,,,,"Probleme mit Alkohol Im Meeting Arcis Anonyme Alkoholiker sprechen wir dar√ºber jeden Samstag um 1900 Uhr 

M√ºn ","Problems with alcohol At the Arcis Alcoholics Anonymous meeting we talk about this every Saturday at 1900 hrs.

M√ºn",True,@bill&bob,arcismeeting,Negative,0.8925813948316197,-1,Alcoholics
1461589506096779264,2021-11-19 06:57:47,2021-11-19 07:57:47+01:00,,,,"Da ist es wieder Das HenneEiPrinzip
WIE KOMME ICH IN DEN BUS ","There it is again The HenEgg Principle
HOW DO I GET ON THE BUS",False,Oliverüü¢,OWitzig,Neutral,0.07517277380861942,0,Principle
1461590324791451648,2021-11-19 07:01:03,2021-11-19 08:01:03+01:00,,,, Olaf Scholz  der Mann f√ºr 3G im Bus und Bahn , Olaf Scholz the man for 3G on buses and trains,False,Kai ThrunüïµÔ∏è‚Äç‚ôÄÔ∏è,KaiThrun,Neutral,0.9488871836755021,0,Scholz
1461630326287990784,2021-11-19 09:40:00,2021-11-19 10:40:00+01:00,,,,Wir sind Ihr Kompetenzpartner in allen Fragen zu BusReparatur Lackierung und Umbau Werkstattservice und Kleinb ,"We are your competent partner for all questions regarding bus repairs, paintwork and conversions, workshop service and small buses.",True,AGK Truck & Bus GmbH,AGK_Bayern,Neutral,0.770357721579212,0,"conversions,"
1461645425870573568,2021-11-19 10:40:00,2021-11-19 11:40:00+01:00,,,,Zu unseren gr√∂√üten Kunden z√§hlen die Stadtwerke M√ºnchen sowie gro√üe namenhafte M√ºnchener Busunternehmen wie Watzin ,"Among our biggest customers are the Munich public utility company as well as large, well-known Munich bus companies such as Watzin",True,AGK Truck & Bus GmbH,AGK_Bayern,Neutral,0.4173927430369555,0,well-known
1461657204399001600,2021-11-19 11:26:48,2021-11-19 12:26:48+01:00,,,,Mit dem Bus nach Bordeaux Klassenfahrten zu CoronaZeiten ,By bus to Bordeaux Class trips to CoronaTimes,False,Merkur.de,merkur_de,Neutral,0.5210355482966649,0,CoronaTimes
1461661940862889984,2021-11-19 11:45:37,2021-11-19 12:45:37+01:00,,,, Ne aber meine AK 47 Lass ich manchmal im Bus liegen, Ne but my AK 47 I sometimes leave on the bus,False,Timo J√ºrgens üè≥Ô∏è‚Äçüåàüåà,Timo_Juergens,Positive,0.4255594217744507,1,sometimes
1461675504902287104,2021-11-19 12:39:31,2021-11-19 13:39:31+01:00,,,," Nicht nur du 
Au√üer im Zug Da ist ja klar dass die kommt

Aber in Bus Tram SBahn"," Not just you
Except on the train, of course she's coming.

But on bus, tram, subway",False,Systemfehler,Systemfehler20,Negative,0.9486953057940274,-1,coming.
1461704316318851072,2021-11-19 14:34:00,2021-11-19 15:34:00+01:00,,,,FC Bayern mit dem Bus nach Augsburg aufgebrochen  ,FC Bayern set off by bus for Augsburg,False,FC Bayern News,fcbayern_news,Positive,0.26233887919548315,1,Augsburg
1461718327999574016,2021-11-19 15:29:41,2021-11-19 16:29:41+01:00,,,,Corona macht UBahn Bus und Tram p√ºnktlicher  das sind die Gr√ºnde ,Corona makes UBahn bus and tram more punctual these are the reasons,False,Merkur.de,merkur_de,Neutral,0.8830112278595955,0,punctual
1461738760899604480,2021-11-19 16:50:53,2021-11-19 17:50:53+01:00,,,,SWB Bus und Bahn   sucht eineneine Bau√ºberwacher Bahnbau mwd  in Bonn Bonn jobs ,SWB Bus und Bahn is looking for a construction supervisor railway construction mwd in Bonn Bonn jobs,True,JobNinja,JobNinjaEU,Positive,0.054245709535260644,1,construction
1461779962323685120,2021-11-19 19:34:36,2021-11-19 20:34:36+01:00,,,," Das hast du v√∂llig richtig gemacht
Eigentlich h√§ttest sie noch drauf hinweisen m√ºssen dass sie an "," You did the right thing.
Actually, you should have pointed out that she was working on",True,Franz üéæ,fms_munich,Neutral,0.2971590558502514,0,"Actually,"
1461807763617689600,2021-11-19 21:25:04,2021-11-19 22:25:04+01:00,,,,"AudiFahrer ger√§t auf Gegenspur Mann 70 stirbt bei Unfall mit BusBootGespann 
Bayern  ","Audi driver gets into oncoming lane Man 70 dies in accident with bus-boat team
Bavaria",False,TAG24 NEWS M√ºnchen,TAG24M,Negative,0.32870605714193446,-1,oncoming
1461923802246524928,2021-11-20 05:06:10,2021-11-20 06:06:10+01:00,,,,Probleme mit Alkohol Im Meeting Arcis Anonyme Alkoholiker M√ºnchen sprechen wir dar√ºber jeden Samstag um 1900 Uh ,Problems with alcohol In the meeting Arcis Alcoholics Anonymous Munich we talk about it every Saturday at 1900 Uh,True,@bill&bob,arcismeeting,Neutral,0.5073600426382188,0,Alcoholics
1461925698424250368,2021-11-20 05:13:42,2021-11-20 06:13:42+01:00,,,,"Heute Meeting Arcis Anonyme Alkoholiker M√ºnchen wie jeden Samstag um 1900 Uhr 

M√ºnchen Schwabing N√§he Nordbad ","Today meeting Arcis Alcoholics Anonymous Munich as every Saturday at 1900 clock

Munich Schwabing near Nordbad",True,@bill&bob,arcismeeting,Negative,0.876034033727101,-1,Alcoholics
1461958943215963904,2021-11-20 07:25:48,2021-11-20 08:25:48+01:00,,,,   Lasst die Gastst√§tten offen und nicht nur bus 22 Uhr,   Keep the pubs open and not only bus 22 clock,False,Vinzent Vegas,Vinzent_Vegas,Positive,0.9744332953415031,1,clock
1462002184032239616,2021-11-20 10:17:38,2021-11-20 11:17:38+01:00,,,,Weigl √ºber Anschlag Schatz ne Bombe ,Weigl about stop treasure ne bomb,False,SPORT1,SPORT1,Positive,0.6067031246701476,1,treasure
1462054998490198016,2021-11-20 13:47:29,2021-11-20 14:47:29+01:00,,,,Nat√ºrlich so getaktet dass Anschlussbahn und Bus sich auf die Minute verpassen ,"Of course, timed so that the connecting train and bus miss each other to the minute.",False,Der eine da,Kevin_sdrn,Positive,0.7326337375072105,1,connecting
1462173896564743936,2021-11-20 21:39:57,2021-11-20 22:39:57+01:00,,,,"Jetzt auch auf Instagram Wo bitte gehts zum Bus
","Now also on Instagram Where please go to the bus
",False,Edmund Lauterbach,elba013,Positive,0.20924614893998061,1,Instagram
1462321121278271488,2021-11-21 07:24:58,2021-11-21 08:24:58+01:00,,,,Bitte Deswegen ist es doch rot angemalt Da muss man schon damit rechnen dass ein Bus auf dem Radstreifen f√§hrt ,Please That's why it's painted red You have to expect a bus to drive on the bike lane,False,Daniela Becker,dansiela_b,Neutral,0.09816674809621861,0,painted
1462323562681933824,2021-11-21 07:34:40,2021-11-21 08:34:40+01:00,,,," Gute Idee auch Splittergruppen m√ºssen erfasst werden 
Ich denke hier in MUC w√§re ein Satz Busse top "," Good idea also splinter groups must be recorded
I think here in MUC would be a set of buses top",True,truegrueni üíâüíâ,truegrueni,Positive,0.10028772697876664,1,splinter
1462324634880286720,2021-11-21 07:38:56,2021-11-21 08:38:56+01:00,,,, Deine Grundidee ist auf jeden Fall korrekt neulich im tv √ºber Bremen glaub ich die ham sich die Hots , Your basic idea is correct in any case the other day on tv about Bremen I think they got the hots,True,truegrueni üíâüíâ,truegrueni,Positive,0.11470178396824848,1,correct
1462383260424716288,2021-11-21 11:31:53,2021-11-21 12:31:53+01:00,,,," Neu auf  

In Ghost Tropic schl√§ft eine Frau nach der Arbeit im Bus ein und muss nun von der Endhaltestell "," New on

In Ghost Tropic, a woman falls asleep on the bus after work, and now has to walk from the final stop",True,Film-Rezensionen.de,filmrezensionen,Neutral,0.7702746931847347,0,"Tropic,"
1462387817343029248,2021-11-21 11:50:00,2021-11-21 12:50:00+01:00,,,,Pandemie 3G in Bus und Bahn  Was Fahrg√§ste jetzt wissen m√ºssen Covid19   via ,Pandemic 3G on buses and trains What passengers need to know now Covid19 via,False,Egbert,forch20131,Positive,0.16790668979724288,1,passengers
1462402699945775104,2021-11-21 12:49:08,2021-11-21 13:49:08+01:00,,,,  Noise Cancelling Kopfh√∂rer Meine besten Freunde,  Noise Cancelling Headphones My Best Friends,False,Ramona | Zockernautin,Eltragalibros,Neutral,0.32788264756306207,0,Cancelling
1462419271494025216,2021-11-21 13:54:59,2021-11-21 14:54:59+01:00,,"{'id': '5867d1b3eeb9a4e8', 'url': 'https://api.twitter.com/1.1/geo/id/5867d1b3eeb9a4e8.json', 'place_type': 'neighborhood', 'name': 'Pasing-Obermenzing', 'full_name': 'Pasing-Obermenzing, M√ºnchen', 'country_code': 'DE', 'country': 'Germany', 'contained_within': [], 'bounding_box': {'type': 'Polygon', 'coordinates': [[[11.431733, 48.128517], [11.492077, 48.128517], [11.492077, 48.176466], [11.431733, 48.176466]]]}, 'attributes': {}}",,und wo Du schon dabei bist Sinnlos im M√ºnchner Westen rumzufahren  dann darfst Du auch noch vor K√§lte bibbernd ,and since you are already senselessly driving around in the west of Munich then you may also still be shivering from the cold.,True,Regina Koller,KollerRegina,Neutral,0.07043813720707026,0,senselessly
1462436251945033728,2021-11-21 15:02:27,2021-11-21 16:02:27+01:00,,,, Dass die Verbindung Zwiesel  Spiegelau  Grafenau nicht aufgegeben wurde ist der Regentalbahn zu ver , The fact that the connection Zwiesel Spiegelau Grafenau was not abandoned is due to the Regentalbahn.,True,Nina Reitz,reitz_nina,Neutral,0.2545028237331448,0,Regentalbahn.
1462456647708815104,2021-11-21 16:23:30,2021-11-21 17:23:30+01:00,,,, Was hast Du f√ºr nen Bus, What do you have for nen bus,False,Holger Wolff,HolgerWolff3,Positive,0.26052412976851214,1,What
1462478004974759936,2021-11-21 17:48:22,2021-11-21 18:48:22+01:00,,,,Strengere CoronaRegeln auch in Bus Bahn und Flugzeug ,"Stricter Corona rules also on buses, trains and planes",False,Merkur.de,merkur_de,Positive,0.3604177148083948,1,Stricter
1462497075589959680,2021-11-21 19:04:09,2021-11-21 20:04:09+01:00,,,,65400282 71  Oder der Schl√§ger war schlecht bespannt Oder der Bus hatte Versp√§tung Oder ,65400282 71 Or the racket was badly strung Or the bus was late Or,True,"Me, I‚Äòm Counting",loumeimcounting,Negative,0.9582522195907461,-1,65400282
1462502070301466624,2021-11-21 19:24:00,2021-11-21 20:24:00+01:00,,"{'id': '37439688c6302728', 'url': 'https://api.twitter.com/1.1/geo/id/37439688c6302728.json', 'place_type': 'city', 'name': 'Munich', 'full_name': 'Munich, Germany', 'country_code': 'DE', 'country': 'Germany', 'contained_within': [], 'bounding_box': {'type': 'Polygon', 'coordinates': [[[11.360589, 48.061634], [11.722918, 48.061634], [11.722918, 48.248124], [11.360589, 48.248124]]]}, 'attributes': {}}",,3 dreiviertel Stunden in der K√§lte am Vereinsgel√§nde des SV M√ºnchenLaim eV auf die versprochene spontanohne Ter ,3 three-quarters of an hour in the cold at the club grounds of SV M√ºnchenLaim eV waiting for the promised spontaneous without Ter,True,Regina Koller,KollerRegina,Positive,0.9046765933580772,1,three-quarters
1462508126633172992,2021-11-21 19:48:04,2021-11-21 20:48:04+01:00,,,,3G in Bus und Bahn Was schon klar ist  und was nicht ,3G in bus and train What is already clear and what is not,False,BR24,BR24,Negative,0.8430824962508409,-1,already
1462552162161106688,2021-11-21 22:43:03,2021-11-21 23:43:03+01:00,,,, Nur wartest Du sicher nie auf einen Bus Nils," Only you never wait for a bus, Nils...",False,lizard_king,lizzardkiing,Positive,0.716603820618648,1,Nils...
1462662847465504768,2021-11-22 06:02:52,2021-11-22 07:02:52+01:00,,,, 3G in Bus und Bahn schon in dieser Woche Was Fahrg√§ste jetzt wissen m√ºssen  , 3G on buses and trains as early as this week What passengers need to know now,False,FOCUS Eilmeldungen,FOCUS_Eil,Negative,0.18336087422931868,-1,passengers
1462707598847889408,2021-11-22 09:00:42,2021-11-22 10:00:42+01:00,,,, Wann kann eigentlich die Mehrheit der deutschen Nutzer mit IPv4 CGN und echter IPv6 das FritzVPN nutzen D , When can actually the majority of German users with IPv4 CGN and real IPv6 use the FritzVPN D,True,Lars Duesing,lduesing,Positive,0.5224857359815381,1,actually
1462708743305637888,2021-11-22 09:05:14,2021-11-22 10:05:14+01:00,,,, Wer vom Land hat heute vor der Arbeit einen kilometerweiten Fu√ümarsch oder Radltour zum Testzentrum gem , Who from the country has today before the work a kilometer-wide foot march or Radltour to the test center gem,True,Grantler,oida_grantler,Neutral,0.057321253453351484,0,kilometer-wide
1462710292614422528,2021-11-22 09:11:24,2021-11-22 10:11:24+01:00,,,,Probleme mit Alkohol Im Meeting Arcis Anonyme Alkoholiker M√ºnchen sprechen wir dar√ºber jeden Samstag um 1900 Uh ,Problems with alcohol In the meeting Arcis Alcoholics Anonymous Munich we talk about it every Saturday at 1900 Uh,True,@bill&bob,arcismeeting,Neutral,0.5462780067993128,0,Alcoholics
1462717489989652480,2021-11-22 09:40:00,2021-11-22 10:40:00+01:00,,,,Der Iveco EWay ist jetzt optional auch mit neuen HochleistungsNMCBatterien NickelManganCobalt erh√§ltlich  D ,The Iveco EWay is now optionally available with new high-performance NickelManganeseCobalt (NMC) batteries D,True,AGK Truck & Bus GmbH,AGK_Bayern,Negative,0.7858794657110569,-1,NickelManganeseCobalt
1462732589551296512,2021-11-22 10:40:00,2021-11-22 11:40:00+01:00,,,,Ihre Buswerkstatt in Feldkirchen bei M√ºnchen und F√ºrth  AGKBayern Bus Werkstatt,Your bus workshop in Feldkirchen near Munich and F√ºrth AGKBayern Bus Werkstatt,False,AGK Truck & Bus GmbH,AGK_Bayern,Neutral,0.6229213037538079,0,Feldkirchen
1462778133267025920,2021-11-22 13:40:58,2021-11-22 14:40:58+01:00,,,,Ne Nacht die anstrengender war als der ganze Tag davor  oder aufstehen und sich wie vom Bus gestreift f√ºhlen,A night that was more exhausting than the whole day before or getting up and feeling like being hit by a bus.,False,jemand.,jmnnd1,Positive,0.01188356296161519,1,exhausting
1462791481933156352,2021-11-22 14:34:01,2021-11-22 15:34:01+01:00,,,,161 Ich m√ºsste zuerst ins Testzentrum laufen um mich Testen zu lassen Anschliessend dann mit dem Bus zum Im ,161 I would first have to walk to the test centre to get tested and then take the bus to the hospital.,True,Marco Levenhagen üá©üá™üá™üá∫üåç,mlevenhagen,Positive,0.9374215885938179,1,hospital.
1462816629130149888,2021-11-22 16:13:56,2021-11-22 17:13:56+01:00,,,,3GRegel in Bus und Bahn Das m√ºssen Fahrg√§ste jetzt beachten ,3G rule on buses and trains Passengers must now observe this rule,False,Merkur.de,merkur_de,Negative,0.39033145943861847,-1,Passengers
1462870519804534784,2021-11-22 19:48:05,2021-11-22 20:48:05+01:00,,,, Die Bayern w√§hlen den Diktator genau Wegen seines CoronaWahnsinns Sie wollen und w√ºnschen sich , The Bavarians vote for the dictator precisely BECAUSE of his Corona madness They want and wish for,True,Gregor,gregadam2009,Positive,0.8936436649156456,1,Bavarians
1462984406948270080,2021-11-23 03:20:38,2021-11-23 04:20:38+01:00,,,,Neun Verletzte in Bremerhaven bei Unfall mit Bus ,Nine injured in Bremerhaven in accident with bus,False,Merkur.de,merkur_de,Negative,0.8867420217682381,-1,Bremerhaven
1463021889664790528,2021-11-23 05:49:34,2021-11-23 06:49:34+01:00,,,, Bei einem Busungl√ºck in Bulgarien sind mindestens 45 Menschen ums Leben gekommen Der Bus verungl√ºckte in der , At least 45 people have died in a bus accident in Bulgaria The bus crashed in the,True,BR24,BR24,Neutral,0.4702786801186425,0,accident
1463044301731115008,2021-11-23 07:18:38,2021-11-23 08:18:38+01:00,,,,"5 Freundin war So beim Impfbus
Es hie√ü ab 9 845 waren bereits um 80 Personen da Bus kam gegen 945 Z ","5 Friend was so at the vaccination bus
It said from 9 845 were already around 80 people there bus came around 945 Z",True,Weltnichtversteherin üî¥üî¥üî¥,sicilia1991,Negative,0.046043418122652446,-1,vaccination
1463046623773212672,2021-11-23 07:27:51,2021-11-23 08:27:51+01:00,,,,Heftiger Unfall in Bulgarien Bus geht in Flammen auf  mindestens 46 Tote ,Violent accident in Bulgaria Bus bursts into flames at least 46 dead,False,Merkur.de,merkur_de,Neutral,0.2600032078574913,0,accident
1463050971341332480,2021-11-23 07:45:08,2021-11-23 08:45:08+01:00,,,,Wann haftet bei einem Schaden wenn ein Bus  von der Haltestelle abf√§hrt Wenn ein Fahrzeug vom Fahrbahnrand auf d ,When is liability for damage when a bus pulls away from a bus stop When a vehicle pulls away from the side of the road onto d,True,OMNIBUSREVUE,omnibusrevue,Positive,0.3802882011836525,1,liability
1463057166781358080,2021-11-23 08:09:45,2021-11-23 09:09:45+01:00,,,, Bei einem Busungl√ºck in Bulgarien sind mindestens 45 Menschen ums Leben gekommen Der Bus verungl√ºckte in der , At least 45 people have died in a bus accident in Bulgaria The bus crashed in the,True,BR24,BR24,Negative,0.9171956157292617,-1,accident
1463063665817657088,2021-11-23 08:35:34,2021-11-23 09:35:34+01:00,,"{'id': '37439688c6302728', 'url': 'https://api.twitter.com/1.1/geo/id/37439688c6302728.json', 'place_type': 'city', 'name': 'Munich', 'full_name': 'Munich, Germany', 'country_code': 'DE', 'country': 'Germany', 'contained_within': [], 'bounding_box': {'type': 'Polygon', 'coordinates': [[[11.360589, 48.061634], [11.722918, 48.061634], [11.722918, 48.248124], [11.360589, 48.248124]]]}, 'attributes': {}}",,Voraussichtlich ab morgen gilt die 3GRegelung in U amp SBahn Bus und Tram Damit d√ºrfen nur geimpfte genesene od ,Probably from tomorrow the 3G-regulation is valid in U amp SBahn bus and tram With it only vaccinated recovered od,True,Dorin Popa,NiceBastard,Negative,0.09937516921621914,-1,3G-regulation
1463074510207434752,2021-11-23 09:18:40,2021-11-23 10:18:40+01:00,,"{'id': '37439688c6302728', 'url': 'https://api.twitter.com/1.1/geo/id/37439688c6302728.json', 'place_type': 'city', 'name': 'Munich', 'full_name': 'Munich, Germany', 'country_code': 'DE', 'country': 'Germany', 'contained_within': [], 'bounding_box': {'type': 'Polygon', 'coordinates': [[[11.360589, 48.061634], [11.722918, 48.061634], [11.722918, 48.248124], [11.360589, 48.248124]]]}, 'attributes': {}}",,13  Was mich hier in Deutschland am meisten nervt ist dieses grunds√§tzliche abwehrende Nein s ,13 What annoys me most here in Germany is this basic defensive no s,True,Dorin Popa,NiceBastard,Neutral,0.15536993722811765,0,defensive
1463078218819379200,2021-11-23 09:33:24,2021-11-23 10:33:24+01:00,,,, Das Foto kmmt im M√ºnchner Fenster im TV von Bus Tram und UBahn meist dicht hinter der KickerWe , The photo kmmt in the Munich window in the TV of bus tram and UBahn usually close behind the KickerWe,True,Ingmar Gregorzewski ü™ë,readingmar,Positive,0.3900199562021204,1,KickerWe
1463079878090235904,2021-11-23 09:40:00,2021-11-23 10:40:00+01:00,,,,Seit mehr als dreizehn Jahren sorgen wir daf√ºr dass Nahverkehrs und Reisebusse nach Wartungen und Reparaturen sch ,For more than thirteen years we have been making sure that local transport and coaches are safe after maintenance and repairs.,True,AGK Truck & Bus GmbH,AGK_Bayern,Neutral,0.2305336759347777,0,maintenance
1463083358028718080,2021-11-23 09:53:49,2021-11-23 10:53:49+01:00,,,,Unterwegs mit Bus und Bahn im 3GLand Was Fahrg√§ste jetzt wissen m√ºssen ,Travelling by bus and train in 3GLand What passengers need to know now,False,WEB.DE News,WEBDENews,Negative,0.9840287549161837,-1,Travelling
1463083358896930816,2021-11-23 09:53:50,2021-11-23 10:53:50+01:00,,,,Unterwegs mit Bus und Bahn im 3GLand Was Fahrg√§ste jetzt wissen m√ºssen ,Travelling by bus and train in 3GLand What passengers need to know now,False,WEB.DE News - Wissen,WEBDENews_Infos,Neutral,0.9704379609725683,0,Travelling
1463083358896930818,2021-11-23 09:53:50,2021-11-23 10:53:50+01:00,,,,Unterwegs mit Bus und Bahn im 3GLand Was Fahrg√§ste jetzt wissen m√ºssen ,Travelling by bus and train in 3GLand What passengers need to know now,False,WEB.DE News - Wissen,WEBDENews_Infos,Neutral,0.43661540890899664,0,Travelling
1463098030899568646,2021-11-23 10:52:08,2021-11-23 11:52:08+01:00,,,," Fast ALLE Gestorbenen sind Albaner viele von ihnen Kinder 

UND der Bus geh√∂rte der Firma BESA trans "," Almost ALL the dead are Albanians many of them children

AND the bus belonged to the company BESA trans",True,Saliha-Sylbija,KinderschutzI,Negative,0.5506891402541464,-1,Albanians
1463125360556617735,2021-11-23 12:40:44,2021-11-23 13:40:44+01:00,,,, Viel Gl√ºck allen Projekten wenn die Station DonnersbergerBr√ºcke als Referenz gilt Kein sicherer Umstieg zu , Good luck to all projects if DonnersbergerBr√ºcke station is the reference No safe transfer to,True,Fabian Norden,fabiannorden,Positive,0.42753027469300464,1,DonnersbergerBr√ºcke
1463126388047851529,2021-11-23 12:44:49,2021-11-23 13:44:49+01:00,,,, Also dass das Model 3 im Gegensatz zum EQS nicht blitzt und blinkt wie ein Barbie Bus finde ich gut," I like the fact that the Model 3, unlike the EQS, doesn't flash and blink like a Barbie bus.",False,Robin Engelhardt,Elektro_Robin,Positive,0.47061059212527434,1,doesn't
1463172109493055490,2021-11-23 15:46:29,2021-11-23 16:46:29+01:00,,,, Bis vor Kurzem kamen immer wieder Impfgegner zum Bus Giftspritzer schrien sie M√∂rder Aber als im Landkre ," Until recently, anti-vaccinationists kept coming to the bus Poisoners shouted they were murderers But when in county",True,hiraeth üé∑,h12437h,Positive,0.05351758694374198,1,anti-vaccinationists
1463186023161241602,2021-11-23 16:41:47,2021-11-23 17:41:47+01:00,,,, 100 verst√§ndlich Und die Kollegin kommt eh nicht drum rum sich testen zu lassen da sie den Nachweis au , 100 understandable And the colleague can not get around it anyway to be tested because they have the proof au,True,Lina Tereshkova #stayathome üåπ,lina_tereshkova,Negative,0.031114280864754318,-1,understandable
1463255351017590790,2021-11-23 21:17:16,2021-11-23 22:17:16+01:00,,,,  das mit der 3 g regel in bus  Bahn  treibt ab morgen wieder sehr viel mehr Autos auf die strasse ,  that with the 3 g rule in bus lane drives from tomorrow again much more cars on the road,True,doris use,doris_use,Positive,0.03611706332636244,1,tomorrow
1463353123536347138,2021-11-24 03:45:47,2021-11-24 04:45:47+01:00,,,,Sch√§rfere CoronaRegeln 3GKontrollen in Bus und Bahn ,Stricter Corona rules 3G checks on buses and trains,False,Merkur.de,merkur_de,Positive,0.6000344586477605,1,Stricter
1463356996418256900,2021-11-24 04:01:10,2021-11-24 05:01:10+01:00,,,,"Hab meinen Bus verpasst
Wie hoch steht die Chance dass ich ein Fahrrad klau","Missed my bus.
What are the odds I'd steal a bike?",False,cloutboi juliüßâ,_juliuspeter,Negative,0.4288407049318602,-1,Missed
1463386270688759810,2021-11-24 05:57:29,2021-11-24 06:57:29+01:00,,,,Youtube Kommt der Kia Niro noch einmal als Vollstromer Polestar Precept wird zum  Designstar Polestar 5 ,Youtube Is the Kia Niro coming once again as a full-power Polestar Precept becomes a design star Polestar 5,True,e-engine magazin,eenginemagazin,Neutral,0.3702222022319215,0,full-power
1463395744287805442,2021-11-24 06:35:08,2021-11-24 07:35:08+01:00,,,,Welcher bastard hat es ein teend gemacht im bus mir zu airdroppen,What bastard has made it a teend in bus me to airdrop,False,üí¨üí≠üóØÔ∏èüó®Ô∏è,b3kirhan,Positive,0.035953275137333596,1,bastard
1463401079153074182,2021-11-24 06:56:20,2021-11-24 07:56:20+01:00,,,,"Heute stellt die Ampel ihren Koalitionsvertrag vor 

Bu√ügelder haben eine abschreckende Wirkung Vor allem wenn si ","Today the traffic light presents its coalition agreement

Fines have a deterrent effect Especially when si",True,Nikolaus Gradl,gradl,Neutral,0.9031800489895794,0,Especially
1463402710976413697,2021-11-24 07:02:49,2021-11-24 08:02:49+01:00,,,,M√∂cht nicht wissen was das f√ºr ein Chaos in Bus und Bahn auch ist mit der 3G Regel Des geht ned lang gut Aber sie ,Would not like to know what the chaos in bus and train is also with the 3G rule Des goes ned lang well But she,True,·ó©·ëéGI·ïÆ ¬Æ,sweettweetangie,Neutral,0.6648242635606927,0,Would
1463403580996599809,2021-11-24 07:06:17,2021-11-24 08:06:17+01:00,,,,24 Die Kontrolle muss vor dem Einstieg gemacht werden Bei SBahn und UBahn sogar vor betreten des Bahnsteigs ,24 The check must be made before boarding For SBahn and U-Bahn even before entering the platform,True,‚úåüèΩDie M√§usededektivinüòÉ‚ú®üíáüèº‚Äç‚ôÄÔ∏è,betty91119,Negative,0.6402161066318357,-1,boarding
1463407829277151237,2021-11-24 07:23:09,2021-11-24 08:23:09+01:00,,,,"TOPNEWS AM MORGEN
 Neuinfektionen erreichen abermals neuen H√∂chstwert  Inzidenz erstmals √ºber 400
 3GKontr ","TOPNEWS IN THE MORNING
 New infections reach new high Incidence exceeds 400 for the first time
 3Gcontr",True,WEB.DE News,WEBDENews,Positive,0.3430232737088864,1,infections
1463408318203019265,2021-11-24 07:25:06,2021-11-24 08:25:06+01:00,,,,Im Handwerk kein Corona W√§hrend S√∂ders Apokalypse bevorsteht getestete Sch√ºler Masken tragen keiner ohne TestIm ,In the craft no Corona While S√∂der's apocalypse is imminent tested pupils masks wear none without testIm,True,Grantler,oida_grantler,Positive,0.917533127138776,1,apocalypse
1463409562954964995,2021-11-24 07:30:03,2021-11-24 08:30:03+01:00,,,,Ab diesem Mittwoch gelten sch√§rfere CoronaRegeln in Bussen und Bahnen Fahrg√§ste m√ºssen dann gem√§√ü der sogenannten ,"As of this Wednesday, stricter Corona rules will apply on buses and trains Passengers will then be required to travel in accordance with the so-called ""Corona rules"".",True,boerseonline,boerseonline,Neutral,0.3765745435534482,0,"Wednesday,"
1463427417872252928,2021-11-24 08:41:00,2021-11-24 09:41:00+01:00,,,,VIDEO Geimpft genesen oder getestet Ab diesem Mittwoch gilt auch in Bussen und Bahnen die 3GRegel Doch bei wei ,"VIDEO Vaccinated recovered or tested As of this Wednesday, the 3G rule will also apply in buses and trains But at wei",True,WEB.DE News,WEBDENews,Positive,0.972921273483274,1,Vaccinated
1463428118186708992,2021-11-24 08:43:47,2021-11-24 09:43:47+01:00,,"{'id': '37439688c6302728', 'url': 'https://api.twitter.com/1.1/geo/id/37439688c6302728.json', 'place_type': 'city', 'name': 'Munich', 'full_name': 'Munich, Germany', 'country_code': 'DE', 'country': 'Germany', 'contained_within': [], 'bounding_box': {'type': 'Polygon', 'coordinates': [[[11.360589, 48.061634], [11.722918, 48.061634], [11.722918, 48.248124], [11.360589, 48.248124]]]}, 'attributes': {}}",,Studierende denen der Gelenkbus mit 49 Fahrg√§sten in der Pandemie zu voll ist und die lieber den Bus zehn Minuten sp√§ter nehmen,students for whom the articulated bus with 49 passengers is too full in the pandemic and who prefer to take the bus ten minutes later,False,Dorin Popa,NiceBastard,Negative,0.41962674418359514,-1,articulated
1463438160986320903,2021-11-24 09:23:41,2021-11-24 10:23:41+01:00,,,,Das kann teuer werden AmpelParteien legen Bu√ügelder f√ºr 3GVerweigerer in Bus und Bahn fest ,This can be expensive traffic lightsParties set fines for 3G refusers on buses and trains,False,Merkur.de,merkur_de,Negative,0.5362631504571166,-1,lightsParties
1463441137109196800,2021-11-24 09:35:31,2021-11-24 10:35:31+01:00,,,,3GRegel in Bus und Bahn Was Reisende ab sofort beachten m√ºssen ,3G rule on buses and trains What travellers must observe with immediate effect,False,Merkur.de,merkur_de,Negative,0.117175987781167,-1,travellers
1463443681336344576,2021-11-24 09:45:37,2021-11-24 10:45:37+01:00,,,, OBWOHL das DetonationsLOCH im Bus KLAR zu SEHEN ist wird dieser Aspekt GAR NICHT untersucht sondern allerle ," WHILE the detonation hole in the bus is CLEARLY VISIBLE, this aspect is NOT investigated at all, but rather all the",True,Saliha-Sylbija,KinderschutzI,Neutral,0.7074466419995307,0,investigated
1463446547308466177,2021-11-24 09:57:01,2021-11-24 10:57:01+01:00,,,,Ab heute 3GRegel in Bus Bahn und Tram in M√ºnchen,"From today 3G rule in bus, tram and train in Munich",False,Jenny,jennyAntifa,Positive,0.5627500721452242,1,Munich
1463446876498403329,2021-11-24 09:58:19,2021-11-24 10:58:19+01:00,,,,Versch√§rfte CoronaRegeln bei Bahn und Bus 3GPflicht gilt  zus√§tzlich zur Maskenpflicht ,Stricter Corona rules for trains and buses 3G obligation applies in addition to the mask obligation,False,Merkur.de,merkur_de,Negative,0.3419493724095414,-1,obligation
1463446937018019841,2021-11-24 09:58:33,2021-11-24 10:58:33+01:00,,"{'id': 'ba3fdf239c314d26', 'url': 'https://api.twitter.com/1.1/geo/id/ba3fdf239c314d26.json', 'place_type': 'city', 'name': 'Planegg', 'full_name': 'Planegg, Deutschland', 'country_code': 'DE', 'country': 'Germany', 'contained_within': [], 'bounding_box': {'type': 'Polygon', 'coordinates': [[[11.385065, 48.089355], [11.463634, 48.089355], [11.463634, 48.118412], [11.385065, 48.118412]]]}, 'attributes': {}}",, Hier drau√üen auf Landkreis Muc haben die einfach jeder Bus zum Schul Bus Deklariert," Out here in the Muc district, they have simply declared every bus a school bus.",False,üåà Happy Horror Clown.,PirateSoul4,Neutral,0.8981595252570005,0,"district,"
1463448747808014336,2021-11-24 10:05:45,2021-11-24 11:05:45+01:00,,,,Der Sch√∂nste Bus 2021 f√§hrt als HoponHopoffBus in und um Trier ,The Most Beautiful Bus 2021 travels as HoponHopoffBus in and around Trier,False,busplaner,omnibusmagazin,Neutral,0.11692383506074733,0,HoponHopoffBus
1463452183580622851,2021-11-24 10:19:24,2021-11-24 11:19:24+01:00,,,,Ab heute gilt bundesweit 3G in Bus und Bahn Bayerns Verkehrsministerin KerstinSchreyer bei Kontrollen der ,"As of today, 3G applies nationwide in buses and trains Bavaria's Transport Minister KerstinSchreyer during checks of the",True,"Staatsministerium f√ºr Wohnen, Bau und Verkehr",BauenBewegen,Positive,0.9556166484574209,1,KerstinSchreyer
1463452222306623488,2021-11-24 10:19:34,2021-11-24 11:19:34+01:00,,"{'id': 'ba3fdf239c314d26', 'url': 'https://api.twitter.com/1.1/geo/id/ba3fdf239c314d26.json', 'place_type': 'city', 'name': 'Planegg', 'full_name': 'Planegg, Deutschland', 'country_code': 'DE', 'country': 'Germany', 'contained_within': [], 'bounding_box': {'type': 'Polygon', 'coordinates': [[[11.385065, 48.089355], [11.463634, 48.089355], [11.463634, 48.118412], [11.385065, 48.118412]]]}, 'attributes': {}}",, Klasse auf denn Land ist jetzt jeder verdammten Bus eine Schul Bus, Class in the country is now every damn bus a school bus,False,üåà Happy Horror Clown.,PirateSoul4,Neutral,0.8717110337897248,0,country
1463452570404495360,2021-11-24 10:20:57,2021-11-24 11:20:57+01:00,,"{'id': 'ba3fdf239c314d26', 'url': 'https://api.twitter.com/1.1/geo/id/ba3fdf239c314d26.json', 'place_type': 'city', 'name': 'Planegg', 'full_name': 'Planegg, Deutschland', 'country_code': 'DE', 'country': 'Germany', 'contained_within': [], 'bounding_box': {'type': 'Polygon', 'coordinates': [[[11.385065, 48.089355], [11.463634, 48.089355], [11.463634, 48.118412], [11.385065, 48.118412]]]}, 'attributes': {}}",,Busfahrer kette kind ayf Vorder sitz fest und sagt das ist eine Schul Bus,Bus driver chain kid ayf front seat tight and says this is a school bus,False,üåà Happy Horror Clown.,PirateSoul4,Neutral,0.003170485777527099,0,driver
1463458624131510277,2021-11-24 10:45:00,2021-11-24 11:45:00+01:00,,,," Ihre Buswerkstatt in Feldkirchen bei M√ºnchen F√ºrth und Bayern
 Wartung
 Kundendienst
 Reparatur
 "," Your bus workshop in Feldkirchen near Munich F√ºrth and Bavaria
 Maintenance
 Customer service
 Repair
 ",True,AGK Truck & Bus GmbH,AGK_Bayern,Negative,0.8758391804326296,-1,Feldkirchen
1463482543093784586,2021-11-24 12:20:03,2021-11-24 13:20:03+01:00,,,,Ein kurzer Klick in den neuen gro√üen TwitterTrend 3g in bus und bahn und ich erfahre schon dass die Regierung j ,A quick click in the new big TwitterTrend 3g in bus and bahn and I already learn that the government j,True,Maurice Weber,MauriceWeber42,Neutral,0.6187257576356463,0,TwitterTrend
1463498560205467651,2021-11-24 13:23:41,2021-11-24 14:23:41+01:00,,,,Das Verkehrsministerium der FDP zu √ºberlassen einer Partei die Bus amp Bahn nur aus Bilderb√ºchern kennt und Fu√üg√§n ,"To leave the ministry of transport to the FDP, a party that only knows buses and trains from picture books, and pedestrians",True,Students for Future M√ºnchen,stu4future_muc,Neutral,0.06680093228392736,0,pedestrians
1463499840042766340,2021-11-24 13:28:47,2021-11-24 14:28:47+01:00,,,,Heftige Bu√ügelder Ab heute 3GPflicht in Bus amp Bahn  Andi Scheuer Bi  via ,Heavy fines From today 3GPflicht in Bus amp Bahn Andi Scheuer Bi via,False,Martin M. M√ºller,Mister_3M,Neutral,0.5014299811479467,0,3GPflicht
1463506560953597952,2021-11-24 13:55:29,2021-11-24 14:55:29+01:00,,,,Versch√§rfte CoronaRegel bei der MVG  In UBahn Tram und Bus in M√ºnchen gilt ab heute 3G ,"Stricter Corona rule at MVG As of today, 3G is valid in Munich's subway, tram and bus systems.",False,tz,tzmuenchen,Positive,0.3430085157940067,1,Stricter
1463509049731960842,2021-11-24 14:05:22,2021-11-24 15:05:22+01:00,,,,Der Sch√∂nste Bus 2021 kommt aus Luxemburg ,The Most Beautiful Bus 2021 comes from Luxembourg,False,busplaner,omnibusmagazin,Negative,0.24309918913813922,-1,Luxembourg
1463530380435279872,2021-11-24 15:30:08,2021-11-24 16:30:08+01:00,,,,Der chinesische Bushersteller BYD hat die ersten Elektrobusse an die DB Regio Bus ausgeliefert ,Chinese bus manufacturer BYD has delivered the first electric buses to DB Regio Bus,False,OMNIBUSREVUE,omnibusrevue,Neutral,0.06643077215512228,0,manufacturer
